artist_name,artist_id
Gen Hoshino,gen_hoshino
Ben Woodward,ben_woodward
Ingrid Michaelson,ingrid_michaelson
ZAYN,zayn
Kina Grannis,kina_grannis
Chord Overstreet,chord_overstreet
Tyrone Wells,tyrone_wells
A Great Big World,a_great_big_world
Christina Aguilera,christina_aguilera
Jason Mraz,jason_mraz
Colbie Caillat,colbie_caillat
Ross Copperman,ross_copperman
Zack Tabudlo,zack_tabudlo
Dan Berk,dan_berk
Anna Hamilton,anna_hamilton
Deepend,deepend
Landon Pigg,landon_pigg
Andrew Foy,andrew_foy
Renee Foy,renee_foy
Brandi Carlile,brandi_carlile
Sam Smith,sam_smith
KT Tunstall,kt_tunstall
Eddie Vedder,eddie_vedder
Lucius,lucius
Highland Peak,highland_peak
Motohiro Hata,motohiro_hata
Andrew Belle,andrew_belle
Ron Pope,ron_pope
Adam Christopher,adam_christopher
Aron Wright,aron_wright
Sara Bareilles,sara_bareilles
Kurt Cobain,kurt_cobain
Tim Halperin,tim_halperin
Canyon City,canyon_city
Aaron Espe,aaron_espe
Tyler Ward,tyler_ward
Five For Fighting,five_for_fighting
Bailey Jehl,bailey_jehl
Drew Holcomb & The Neighbors,drew_holcomb__the_neighbors
Gabrielle Aplin,gabrielle_aplin
The Civil Wars,the_civil_wars
Callum J Wright,callum_j_wright
Boyce Avenue,boyce_avenue
JP Cooper,jp_cooper
Mone Kamishiraishi,mone_kamishiraishi
John Adams,john_adams
Kitri,kitri
Augustana,augustana
Matthew Perryman Jones,matthew_perryman_jones
Ray LaMontagne,ray_lamontagne
Sierra Ferrell,sierra_ferrell
Meg Birch,meg_birch
Catherine Feeny,catherine_feeny
Joshua Hyslop,joshua_hyslop
JJ Heller,jj_heller
Howie Day,howie_day
Ben Rector,ben_rector
Matt Nathanson,matt_nathanson
Parachute,parachute
Susie Suh,susie_suh
Robot Koch,robot_koch
Eden Elf,eden_elf
Ren Avel,ren_avel
Rachel Grae,rachel_grae
Cary Brothers,cary_brothers
The Mayries,the_mayries
Joseph Sullinger,joseph_sullinger
Yonnyboii,yonnyboii
Tobey Rosen,tobey_rosen
Aqualung,aqualung
Karis,karis
Ray Lorraine,ray_lorraine
Agustín Amigó,agustn_amig
Nylonwings,nylonwings
Amy Stroup,amy_stroup
Connie Talbot,connie_talbot
Caleb Santos,caleb_santos
Viva Music Publishing Inc.,viva_music_publishing_inc
Priscilla Ahn,priscilla_ahn
Jon Bryant,jon_bryant
Angelina Cruz,angelina_cruz
Stephen Speaks,stephen_speaks
The Weepies,the_weepies
Deb Talan,deb_talan
Steve Tannen,steve_tannen
Freddie King,freddie_king
Taj Mahal,taj_mahal
Thomas Daniel,thomas_daniel
Todd Carey,todd_carey
Ariza,ariza
Chuck Leavell,chuck_leavell
YUZU,yuzu
Jonah Baker,jonah_baker
Billkin,billkin
Anna Nalick,anna_nalick
Us The Duo,us_the_duo
Donovan Woods,donovan_woods
Tenille Townes,tenille_townes
Amos Lee,amos_lee
Meghan Trainor,meghan_trainor
Days N Daze,days_n_daze
Mindy Gledhill,mindy_gledhill
Dave Barnes,dave_barnes
Get Dead,get_dead
Albert King,albert_king
Aoi Teshima,aoi_teshima
Emma Heesters,emma_heesters
Jae Hall,jae_hall
A Fine Frenzy,a_fine_frenzy
Roses & Frey,roses__frey
Aidan Hawken,aidan_hawken
The Rescues,the_rescues
Ivan & Alyosha,ivan__alyosha
Austin Plaine,austin_plaine
Plamina,plamina
Imaginary Future,imaginary_future
Phillip LaRue,phillip_larue
krissy & ericka,krissy__ericka
Takehara Pistol,takehara_pistol
Allman Brown,allman_brown
Liz Lawrence,liz_lawrence
Eddy Tyler,eddy_tyler
Joy Williams,joy_williams
Lusaint,lusaint
Mother's Daughter,mothers_daughter
Beck Pete,beck_pete
The Perishers,the_perishers
Madysyn,madysyn
Matt Johnson,matt_johnson
Jaclyn Davies,jaclyn_davies
Greg Laswell,greg_laswell
Sara Phillips,sara_phillips
Joe Brooks,joe_brooks
Masaharu Fukuyama,masaharu_fukuyama
James TW,james_tw
Ciaran Lavery,ciaran_lavery
John Frusciante,john_frusciante
Sara Farell,sara_farell
AJR,ajr
Rodrigo y Gabriela,rodrigo_y_gabriela
Front Porch Step,front_porch_step
Eric Hutchinson,eric_hutchinson
Brett Dennen,brett_dennen
Rail Yard Ghosts,rail_yard_ghosts
The Bridge City Sinners,the_bridge_city_sinners
Frank Turner,frank_turner
Matt Costa,matt_costa
Ichiko Aoba,ichiko_aoba
Meiko,meiko
Erin McCarley,erin_mccarley
Isabella Celander,isabella_celander
Amber Leigh Irish,amber_leigh_irish
Daniel Robinson,daniel_robinson
Yosui Inoue,yosui_inoue
Tamio Okuda,tamio_okuda
Celine,celine
Blame Jones,blame_jones
Matt White,matt_white
Madi Diaz,madi_diaz
Tristan Prettyman,tristan_prettyman
Mark Oblea,mark_oblea
Hanare Gumi,hanare_gumi
Benedict Cumberbatch,benedict_cumberbatch
RENT STRIKE,rent_strike
Grace George,grace_george
Jack Savoretti,jack_savoretti
Richard Walters,richard_walters
Kaiak,kaiak
Viktoria Tolstoy,viktoria_tolstoy
Bailey Rushlow,bailey_rushlow
Wayne Mack,wayne_mack
Aimyon,aimyon
Sungha Jung,sungha_jung
Zee Avi,zee_avi
Bailey Pelkman,bailey_pelkman
Randy Rektor,randy_rektor
Tres Hermanas,tres_hermanas
Josh Klinghoffer,josh_klinghoffer
Mischief Brew,mischief_brew
Freddie Boatright,freddie_boatright
AcousticTrench,acoustictrench
Lee DeWyze,lee_dewyze
Clementine Duo,clementine_duo
Rachael Yamagata,rachael_yamagata
Brandon Chase,brandon_chase
Austin Basham,austin_basham
Eastmountainsouth,eastmountainsouth
Peter Bradley Adams,peter_bradley_adams
Suy Galvez,suy_galvez
Howlin' Wolf,howlin_wolf
Buddy Guy,buddy_guy
Bonnie Raitt,bonnie_raitt
Mance Lipscomb,mance_lipscomb
Violent Femmes,violent_femmes
Drei Rana,drei_rana
Selena Marie,selena_marie
Harley Poe,harley_poe
Trevor Hall,trevor_hall
Marieme,marieme
Colin & Caroline,colin__caroline
Joshua Radin,joshua_radin
Ysabelle Cuevas,ysabelle_cuevas
Ethan Loukas,ethan_loukas
Janine Teñoso,janine_teoso
Penny and Sparrow,penny_and_sparrow
Sonny Boy Williamson II,sonny_boy_williamson_ii
Shannon & Keast,shannon__keast
Mia Rollo,mia_rollo
AJJ,ajj
SANNA NORTH,sanna_north
Pigeon Pit,pigeon_pit
Kris Allen,kris_allen
Lúc,lc
Edy Hafler,edy_hafler
Mat Kearney,mat_kearney
Simon Samaeng,simon_samaeng
Sakura Fujiwara,sakura_fujiwara
Eddie van der Meer,eddie_van_der_meer
Masayoshi Yamazaki,masayoshi_yamazaki
Maris Racal,maris_racal
Apes of the State,apes_of_the_state
Gail Blanco,gail_blanco
Emilie Mover,emilie_mover
William Fitzsimmons,william_fitzsimmons
Vivid Color,vivid_color
Jon McLaughlin,jon_mclaughlin
EJ De Perio,ej_de_perio
Hannah's Yard,hannahs_yard
Vendredi,vendredi
Son&Dad,sondad
Chris Cresswell,chris_cresswell
Chuck Ragan,chuck_ragan
Chad Hates George,chad_hates_george
Jules Larson,jules_larson
Rosi Golan,rosi_golan
Cat Power,cat_power
Will Moore,will_moore
C.W. Stoneking,cw_stoneking
Johnnyswim,johnnyswim
Drew Holcomb,drew_holcomb
Ellie Holcomb,ellie_holcomb
Marc Broussard,marc_broussard
Juicy Karkass,juicy_karkass
Mindy Smith,mindy_smith
Anya Marina,anya_marina
SafetySuit,safetysuit
Futuristic,futuristic
Filip Nordin,filip_nordin
John Legend,john_legend
Luther Allison,luther_allison
We The Heathens,we_the_heathens
Ramshackle Glory,ramshackle_glory
Eric Lumiere,eric_lumiere
Carly Lyman,carly_lyman
Jason Lux,jason_lux
Michelle Featherstone,michelle_featherstone
Big Mama Thornton,big_mama_thornton
Neulore,neulore
Nathan Angelo,nathan_angelo
Andrew Ripp,andrew_ripp
Covers Culture,covers_culture
Acoustic Covers Culture,acoustic_covers_culture
Lounge Covers Culture Of Popular Songs,lounge_covers_culture_of_popular_songs
Keisha White,keisha_white
Beans on Toast,beans_on_toast
NORMANDY,normandy
Lynn Miller,lynn_miller
Parker Jenkins,parker_jenkins
Sunset & Highland,sunset__highland
Shikao Suga,shikao_suga
Guus Dielissen,guus_dielissen
Naotaro Moriyama,naotaro_moriyama
Postcards & Polaroids,postcards__polaroids
Sad Boy,sad_boy
Yu Takahashi,yu_takahashi
Unkle Bob,unkle_bob
The Cameron Collective,the_cameron_collective
Kurei,kurei
Little Walter,little_walter
Matt Pless,matt_pless
Ankle Grease,ankle_grease
John Elliott,john_elliott
Taylor Manns,taylor_manns
Zak Manley,zak_manley
Linn Brikell,linn_brikell
Rosie Thomas,rosie_thomas
The Shins,the_shins
Sufjan Stevens,sufjan_stevens
Josh Ottum,josh_ottum
Celestial Conscience,celestial_conscience
Erato,erato
Charlotte Almgren,charlotte_almgren
Caj Morgan,caj_morgan
Kazuyoshi Saito,kazuyoshi_saito
Brendan James,brendan_james
Calibretto 13,calibretto_13
Laura Jane Grace,laura_jane_grace
Derek Trucks,derek_trucks
Grace Petrie,grace_petrie
Salty Snacks,salty_snacks
Michael Logen,michael_logen
Ice Seguerra,ice_seguerra
Jimmy Rogers,jimmy_rogers
Steve Pulvers,steve_pulvers
Stephan Baulig,stephan_baulig
Rory Block,rory_block
Bobbylene,bobbylene
Joey Cape,joey_cape
Cannon's Jug Stompers,cannons_jug_stompers
ELLE,elle
J.J. Grey,jj_grey
Chrissy Dave,chrissy_dave
J-Que Beenz,jque_beenz
Roberto Diana,roberto_diana
Muniesa,muniesa
Bootstraps,bootstraps
Graham Colton,graham_colton
Stephanie Briggs,stephanie_briggs
Correatown,correatown
Aberola,aberola
She/Her/hers,sheherhers
Corporate Hearts,corporate_hearts
Limoblaze,limoblaze
Lecrae,lecrae
Happi,happi
Criolo,criolo
Rael,rael
BaianaSystem,baianasystem
Plastilina Mosh,plastilina_mosh
BNegão,bnego
MC Hariel,mc_hariel
Liniker,liniker
Maria Vilani,maria_vilani
Jaques Morelenbaum,jaques_morelenbaum
Jorge Drexler,jorge_drexler
Sebastián Prada,sebastin_prada
Emicida,emicida
Mano Brown,mano_brown
Liz Reis,liz_reis
Evandro Fióti,evandro_fiti
Juanafé,juanaf
Milton Nascimento,milton_nascimento
Samuca e a Selva,samuca_e_a_selva
Jackie Mittoo,jackie_mittoo
Pompi,pompi
Menahan Street Band,menahan_street_band
Orquestra Afrosinfônica,orquestra_afrosinfnica
Makavelli,makavelli
Jaymitta,jaymitta
Buguinha Dub,buguinha_dub
Curumin,curumin
Edgar,edgar
Los Amigos Invisibles,los_amigos_invisibles
Metá Metá,met_met
Cássia Eller,cssia_eller
Samba de Lata de Tijuaçú,samba_de_lata_de_tijua
VANDAL,vandal
Mandrill,mandrill
As Ganhadeiras de Itapuã,as_ganhadeiras_de_itapu
Hugh Masekela,hugh_masekela
Manu Dibango,manu_dibango
Ernest Ranglin,ernest_ranglin
Calle 13,calle_13
El Michels Affair,el_michels_affair
Ali Farka Touré,ali_farka_tour
Toumani Diabaté,toumani_diabat
Antonio Carlos & Jocafi,antonio_carlos__jocafi
Ferraz,ferraz
Afrocidade,afrocidade
OQuadro,oquadro
Dimak,dimak
Nação Zumbi,nao_zumbi
Romperayo,romperayo
William Onyeabor,william_onyeabor
Carolaine,carolaine
Bixiga 70,bixiga_70
Orquestra Brasileira de Música Jamaicana,orquestra_brasileira_de_msica_jamaicana
Gugu Shezi,gugu_shezi
CalledOut Music,calledout_music
Bang Data,bang_data
QUITAPENAS,quitapenas
Morbo y Mambo,morbo_y_mambo
Letta Mbulu,letta_mbulu
Tony Allen,tony_allen
Damon Albarn,damon_albarn
Subhira,subhira
La Misa Negra,la_misa_negra
Demian Rodríguez,demian_rodrguez
Newen Afrobeat,newen_afrobeat
C-Funk,cfunk
Mcklopedia,mcklopedia
El Hijo De La Cumbia,el_hijo_de_la_cumbia
Bule Bule,bule_bule
Rapadura,rapadura
The Budos Band,the_budos_band
Roberto Mendes,roberto_mendes
Claudia Manzo,claudia_manzo
The New Mastersounds,the_new_mastersounds
Spellbinder,spellbinder
Moses Bliss,moses_bliss
Emandiong,emandiong
TJ Cream,tj_cream
Caê,ca
Jor'dan Armstrong,jordan_armstrong
Sarah Téibo,sarah_tibo
Sigag Lauren,sigag_lauren
Paola Carla,paola_carla
Timoneki,timoneki
Silvana Estrada,silvana_estrada
Becca Folkes,becca_folkes
Thiago França,thiago_frana
Money Chicha,money_chicha
Breakestra,breakestra
Africania,africania
Superthriller,superthriller
Abayomy Afrobeat Orquestra,abayomy_afrobeat_orquestra
Tonho Matéria,tonho_matria
Céu,cu
Prinx Emmanuel,prinx_emmanuel
Grace Lokwa,grace_lokwa
Cymande,cymande
Monophonics,monophonics
Kelly Finnigan,kelly_finnigan
Amplexos,amplexos
Digitaldubs,digitaldubs
Leão Etíope do Méier,leo_etope_do_mier
Lenine,lenine
Choklate,choklate
The Bongo Hop,the_bongo_hop
Dafuniks,dafuniks
La Cumbia Chicharra,la_cumbia_chicharra
Emilie Rambaud,emilie_rambaud
Fela Kuti,fela_kuti
Orgone,orgone
Grupo Fantasma,grupo_fantasma
La Flor del Recuerdo,la_flor_del_recuerdo
Carmen Lienqueo,carmen_lienqueo
Lack Of Afro,lack_of_afro
Wax,wax
Herbal T,herbal_t
Illy,illy
Eddie Roberts,eddie_roberts
Lamar Williams Jr.,lamar_williams_jr
Jay Mitta,jay_mitta
Kinky,kinky
Los Auténticos Decadentes,los_autnticos_decadentes
Tropkillaz,tropkillaz
The Bamboos,the_bamboos
Kutiman,kutiman
Doctor Flake,doctor_flake
Saundra Williams,saundra_williams
Ozoro,ozoro
Nathanael,nathanael
Voilaaa,voilaaa
Pat Kalla,pat_kalla
Big Ty,big_ty
Markis,markis
The Poets Of Rhythm,the_poets_of_rhythm
Mulatu Astatke,mulatu_astatke
Fred Hammond,fred_hammond
Andres Nusser,andres_nusser
Hawa,hawa
Fouley Badiaga,fouley_badiaga
Son Palenque,son_palenque
Cerrero,cerrero
El León Pardo,el_len_pardo
Washington,washington
Ikebe Shakedown,ikebe_shakedown
Nosa,nosa
The Mighty Imperials,the_mighty_imperials
Otto,otto
Wganda Kenya,wganda_kenya
Ada Ehi,ada_ehi
Osibisa,osibisa
Nero X,nero_x
Angeloh,angeloh
S.O,so
Lijadu Sisters,lijadu_sisters
Brownout,brownout
Orlando Julius,orlando_julius
Speedometer,speedometer
Eddie Neblett,eddie_neblett
Jorge Du Peixe,jorge_du_peixe
Luedji Luna,luedji_luna
São Paulo Ska Jazz,so_paulo_ska_jazz
Ken Stewart,ken_stewart
Lafayette Afro Rock Band,lafayette_afro_rock_band
Femi Kuti,femi_kuti
"""Michael Masser",michael_masser
Oscar D'León,oscar_dlen
Marizu,marizu
ATR,atr
Orchestra Baobab,orchestra_baobab
ST-Saint,stsaint
Mark Asari,mark_asari
Reblah,reblah
678NATH,678nath
Raptist & Marko,raptist__marko
Leslie Skye,leslie_skye
Zelijah & Konola,zelijah__konola
Gtay,gtay
Nizzy Nath,nizzy_nath
JL Poleon,jl_poleon
A Mose,a_mose
TBabz,tbabz
Sir Jean,sir_jean
Les Mamans du Congo,les_mamans_du_congo
RROBIN,rrobin
João Selva,joo_selva
Ocote Soul Sounds,ocote_soul_sounds
Oba Reengy,oba_reengy
Yoski,yoski
Orquestra Voadora,orquestra_voadora
Ada Betsabe,ada_betsabe
Principal,principal
Tneek,tneek
Star Feminine Band,star_feminine_band
Rehmahz,rehmahz
Asha Elia,asha_elia
Victor Rice,victor_rice
The Souljazz Orchestra,the_souljazz_orchestra
Ondatrópica,ondatrpica
Thee Commons,thee_commons
Kiko Dinucci e Bando Afro Macarrônico,kiko_dinucci_e_bando_afro_macarrnico
Gyedu-Blay Ambolley,gyedublay_ambolley
Onã,on
Roxie Ray,roxie_ray
Ebo Taylor,ebo_taylor
Greyboy,greyboy
Nino Moschella,nino_moschella
Rex Williams,rex_williams
Akalé Wubé,akal_wub
Ilover,ilover
Dj Horphuray,dj_horphuray
Jason Nicholson-Porter,jason_nicholsonporter
Tehillah Daniels,tehillah_daniels
Naffymar,naffymar
Nomade Orquestra,nomade_orquestra
Jaron Nurse,jaron_nurse
Bantunagojeje,bantunagojeje
The Sound Stylistics,the_sound_stylistics
The Soul Snatchers,the_soul_snatchers
Vaudou Game,vaudou_game
Greatman Takit,greatman_takit
Euforquestra,euforquestra
Kyle Hollingsworth,kyle_hollingsworth
Eben,eben
The Dynamics,the_dynamics
Piya Malik,piya_malik
Matata,matata
Jungle Fire,jungle_fire
Buyepongo,buyepongo
Lass,lass
Wayne Gidden,wayne_gidden
Ricardo Lemvo,ricardo_lemvo
Foli Griô Orquestra,foli_gri_orquestra
DJ Vinimax,dj_vinimax
Cebolinha do Passinho,cebolinha_do_passinho
Makina Loca,makina_loca
The Heliocentrics,the_heliocentrics
Lowell Pye,lowell_pye
Mulú,mul
Rubén Blades,rubn_blades
La Chilinga,la_chilinga
Edz,edz
Iconili,iconili
Hektombe,hektombe
Sharyn,sharyn
Qyubi,qyubi
BANTU,bantu
Megaloh,megaloh
Ghanaian Stallion,ghanaian_stallion
Soothsayers,soothsayers
Renaud Bilombo,renaud_bilombo
Patchworks,patchworks
Nildes Bomfim,nildes_bomfim
Alan Evans,alan_evans
Cuarteto Patria,cuarteto_patria
La Dame Blanche,la_dame_blanche
Warsaw Afrobeat Orchestra,warsaw_afrobeat_orchestra
Bosq,bosq
Höröyá,hry
Lee Fields,lee_fields
The Shacks,the_shacks
Hot Chip,hot_chip
Lefties Soul Connection,lefties_soul_connection
Marko,marko
J Prince,j_prince
Alogte Oho & His Sounds of Joy,alogte_oho__his_sounds_of_joy
Bacao Rhythm & Steel Band,bacao_rhythm__steel_band
Village Cuts,village_cuts
Los Pirañas,los_piraas
Felipe Gordon,felipe_gordon
Pacific Express,pacific_express
Jonathan Bulter,jonathan_bulter
Nolly,nolly
The Vaccines,the_vaccines
John Hill,john_hill
Rich Costey,rich_costey
The Sorcerers,the_sorcerers
Cyril Neville,cyril_neville
King Sunny Ade,king_sunny_ade
Silvio Rodríguez,silvio_rodrguez
La BOA,la_boa
IFÁ,if
Okwei V. Odili,okwei_v_odili
Whitefield Brothers,whitefield_brothers
Brown Sabbath,brown_sabbath
Mateus Aleluia,mateus_aleluia
Black Coffee,black_coffee
Mahal Pita,mahal_pita
Tim Bowman Jr.,tim_bowman_jr
The Shaolin Afronauts,the_shaolin_afronauts
Manoel Cordeiro,manoel_cordeiro
Jeff Franca,jeff_franca
Dekel,dekel
Johnny Drille,johnny_drille
First Fire,first_fire
Elikem Kofi,elikem_kofi
Dos Santos,dos_santos
Zé Bigode Orquestra,z_bigode_orquestra
Carlos Malta,carlos_malta
Dofono de Omulu,dofono_de_omulu
Ekedi Nicinha,ekedi_nicinha
Chief Checker,chief_checker
Lo'Jo,lojo
Vincent Ségal,vincent_sgal
Robert Wyatt,robert_wyatt
Le Super Mojo,le_super_mojo
The Mauskovic Dance Band,the_mauskovic_dance_band
ÀTTØØXXÁ,ttxx
Nathaniel Bassey,nathaniel_bassey
Chico Mann,chico_mann
Quantic,quantic
Beloved Music,beloved_music
Triple O,triple_o
Maga Bo,maga_bo
The Sugarman 3,the_sugarman_3
Emma Noble,emma_noble
Guinu,guinu
Uhuru-Yenzu,uhuruyenzu
TB1,tb1
Louis Pascal,louis_pascal
Oneness Of Juju,oneness_of_juju
Mestre Camaleão,mestre_camaleo
Jlyricz,jlyricz
Monomono,monomono
Girma Bèyènè,girma_byn
Niña Dioz,nia_dioz
Shigeto,shigeto
Geraldo Pino,geraldo_pino
The Heartbeats,the_heartbeats
Ty,ty
El Rego,el_rego
Kill Emil,kill_emil
Antibalas,antibalas
Lara George,lara_george
Nomo,nomo
Assagai,assagai
Rama Traore,rama_traore
JKriv,jkriv
The Funkees,the_funkees
Pat Thomas,pat_thomas
Henrik Schwarz,henrik_schwarz
Buena Onda Reggae Club,buena_onda_reggae_club
The Daktaris,the_daktaris
Alex Maas,alex_maas
Camila Recchio,camila_recchio
DIXSON,dixson
Bola Johnson,bola_johnson
Afrika 70,afrika_70
Azarel,azarel
Leor,leor
Edem Evangelist,edem_evangelist
Nkumba System,nkumba_system
Mamani Keïta,mamani_keta
Captain Planet,captain_planet
cacique'97,cacique97
Joshua Ali,joshua_ali
Zem Audu,zem_audu
Dele Ojo,dele_ojo
The Polyversal Souls,the_polyversal_souls
Sir Frank Karikari,sir_frank_karikari
T$unami811,tunami811
Los Celestinos,los_celestinos
Kylie Auldist,kylie_auldist
Gil Joe,gil_joe
Elif Çağlar,elif_alar
Bing Ji Ling,bing_ji_ling
Elliott Cole,elliott_cole
Ceci Bastida,ceci_bastida
Lido Pimienta,lido_pimienta
Gilles Peterson's Havana Cultura Band,gilles_petersons_havana_cultura_band
Ria Currie,ria_currie
Meridian Brothers,meridian_brothers
The Neighbourhood,the_neighbourhood
MGMT,mgmt
Sam Tinnesz,sam_tinnesz
Yacht Money,yacht_money
Nirvana,nirvana
KALEO,kaleo
The Score,the_score
grandson,grandson
WALK THE MOON,walk_the_moon
Red Hot Chili Peppers,red_hot_chili_peppers
The Killers,the_killers
Phoebe Bridgers,phoebe_bridgers
Nickelback,nickelback
Weezer,weezer
Armin van Buuren,armin_van_buuren
Benno De Goeij,benno_de_goeij
Deftones,deftones
Toni Halliday,toni_halliday
Ryan Pardey,ryan_pardey
Julieta Venegas,julieta_venegas
The Offspring,the_offspring
Syd,syd
Radiohead,radiohead
Hoobastank,hoobastank
The White Stripes,the_white_stripes
Thousand Foot Krutch,thousand_foot_krutch
Dominic Fike,dominic_fike
"""Zendaya",zendaya
R.E.M.,rem
Zoé,zo
Skillet,skillet
The Smashing Pumpkins,the_smashing_pumpkins
Los Enanitos Verdes,los_enanitos_verdes
Korn,korn
Fitz and The Tantrums,fitz_and_the_tantrums
The 1975,the_1975
Ashes Remain,ashes_remain
3 Doors Down,3_doors_down
X Ambassadors,x_ambassadors
Jensen McRae,jensen_mcrae
Counting Crows,counting_crows
Andrés Calamaro,andrs_calamaro
Alejandro Sanz,alejandro_sanz
Sebastian Yatra,sebastian_yatra
Leiva,leiva
Ivan Ferreiro,ivan_ferreiro
Vanessa Carlton,vanessa_carlton
Megadeth,megadeth
Volbeat,volbeat
Julio Iglesias,julio_iglesias
Vicentico,vicentico
The Black Keys,the_black_keys
Queens of the Stone Age,queens_of_the_stone_age
Juanes,juanes
Niño Josele,nio_josele
Carlos Vives,carlos_vives
Bea Miller,bea_miller
Hillsong UNITED,hillsong_united
TAYA,taya
Yeah Yeah Yeahs,yeah_yeah_yeahs
A-Trak,atrak
Duman,duman
Marilyn Manson,marilyn_manson
Blur,blur
Babasónicos,babasnicos
Grouplove,grouplove
Shinsei Kamattechan,shinsei_kamattechan
Neon Trees,neon_trees
The Seige,the_seige
The Strokes,the_strokes
Creed,creed
The EverLove,the_everlove
Charlie Brown Jr.,charlie_brown_jr
Young the Giant,young_the_giant
No Doubt,no_doubt
Jimmy Eat World,jimmy_eat_world
Pantera,pantera
Dave Audé,dave_aud
Bounty Killer,bounty_killer
Soundgarden,soundgarden
Stone Temple Pilots,stone_temple_pilots
Poets of the Fall,poets_of_the_fall
Welshly Arms,welshly_arms
Willyecho,willyecho
King Kavalier,king_kavalier
The Afters,the_afters
Smash Mouth,smash_mouth
Godsmack,godsmack
Detonautas Roque Clube,detonautas_roque_clube
Rob Zombie,rob_zombie
Ozzy Osbourne,ozzy_osbourne
The Verve,the_verve
Pixies,pixies
Mazzy Star,mazzy_star
Franz Ferdinand,franz_ferdinand
Adam Jensen,adam_jensen
Bullet For My Valentine,bullet_for_my_valentine
Royal Blood,royal_blood
Chris Tomlin,chris_tomlin
Lauren Daigle,lauren_daigle
Audrey Assad,audrey_assad
Los Prisioneros,los_prisioneros
Aleks Syntek,aleks_syntek
La Ley,la_ley
Fito Paez,fito_paez
Molotov,molotov
You Me At Six,you_me_at_six
lovelytheband,lovelytheband
Papa Roach,papa_roach
Porcupine Tree,porcupine_tree
Layto,layto
Neoni,neoni
Rage Against The Machine,rage_against_the_machine
Foo Fighters,foo_fighters
Arcane,arcane
League of Legends,league_of_legends
The Phantoms,the_phantoms
Bishop Briggs,bishop_briggs
Lifehouse,lifehouse
Staind,staind
Third Eye Blind,third_eye_blind
Los Caligaris,los_caligaris
Pato Fu,pato_fu
Bush,bush
Joy Division,joy_division
TobyMac,tobymac
Charly García,charly_garca
Terrian,terrian
Leigh Nash,leigh_nash
O Rappa,o_rappa
Declan McKenna,declan_mckenna
Bohnes,bohnes
Barns Courtney,barns_courtney
Arrested Youth,arrested_youth
Leeland,leeland
Casting Crowns,casting_crowns
Sanctus Real,sanctus_real
Os Paralamas Do Sucesso,os_paralamas_do_sucesso
Las Pastillas del Abuelo,las_pastillas_del_abuelo
I DONT KNOW HOW BUT THEY FOUND ME,i_dont_know_how_but_they_found_me
Moderatto,moderatto
Faith No More,faith_no_more
Jet,jet
Blind Melon,blind_melon
Live,live
The Velvet Underground,the_velvet_underground
Ella Es Tan Cargosa,ella_es_tan_cargosa
Danna Paola,danna_paola
KAROL G,karol_g
Los Bunkers,los_bunkers
Manuel García,manuel_garca
Empire of the Sun,empire_of_the_sun
BLUE ENCOUNT,blue_encount
Survive Said The Prophet,survive_said_the_prophet
Bryce Fox,bryce_fox
Matthew West,matthew_west
Flört,flrt
Los Tipitos,los_tipitos
Esteman,esteman
Tan Bionica,tan_bionica
Highly Suspect,highly_suspect
Wolfmother,wolfmother
Hole,hole
Los Abuelos De La Nada,los_abuelos_de_la_nada
Creep Hyp,creep_hyp
Paula Pera y el fin de los Tiempos,paula_pera_y_el_fin_de_los_tiempos
Bersuit Vergarabat,bersuit_vergarabat
La Vela Puerca,la_vela_puerca
La Mosca Tse-Tse,la_mosca_tsetse
La Renga,la_renga
The Technicolors,the_technicolors
Cidergirl,cidergirl
Alter Bridge,alter_bridge
Weathers,weathers
MISSIO,missio
Los Piojos,los_piojos
Catupecu Machu,catupecu_machu
Bandalos Chinos,bandalos_chinos
Adan Jodorowsky,adan_jodorowsky
Panteon Rococo,panteon_rococo
P.O.D.,pod
Sumo,sumo
Enjambre,enjambre
Everclear,everclear
Gondwana,gondwana
Tex Tex,tex_tex
Saint Motel,saint_motel
Living Colour,living_colour
The Servant,the_servant
Drowning Pool,drowning_pool
Patricio Rey y sus Redonditos de Ricota,patricio_rey_y_sus_redonditos_de_ricota
Marcelo Nova,marcelo_nova
Caifanes,caifanes
Divididos,divididos
Pitty,pitty
Guasones,guasones
The Adams,the_adams
NX Zero,nx_zero
Fountains Of Wayne,fountains_of_wayne
Pulp,pulp
Los Rodriguez,los_rodriguez
Interpuesto,interpuesto
Crazy Town,crazy_town
RAC,rac
Louis The Child,louis_the_child
Hinder,hinder
Goodnight Fellows,goodnight_fellows
Watt White,watt_white
Audioslave,audioslave
Phil Wickham,phil_wickham
Kari Jobe,kari_jobe
Ne Jupiter,ne_jupiter
Mancha De Rolando,mancha_de_rolando
RZO,rzo
Kapanga,kapanga
Atreyu,atreyu
Comisario Pantera,comisario_pantera
Luis Humberto Navejas,luis_humberto_navejas
Callejeros,callejeros
Jeremy Camp,jeremy_camp
Semisonic,semisonic
LCD Soundsystem,lcd_soundsystem
Soulwax,soulwax
La 25,la_25
Alejandro Vazquez,alejandro_vazquez
Phosphorescent,phosphorescent
Pearl Jam,pearl_jam
Zayde Wølf,zayde_wlf
Matt Redman,matt_redman
Slank,slank
Machine Head,machine_head
Los Caballeros De La Quema,los_caballeros_de_la_quema
The Wallflowers,the_wallflowers
Los Hermanos,los_hermanos
Eels,eels
Steve Earle,steve_earle
Los Estramboticos,los_estramboticos
White Zombie,white_zombie
Jane's Addiction,janes_addiction
Rend Collective,rend_collective
We The Kingdom,we_the_kingdom
Clutch,clutch
blackbear,blackbear
Incubus,incubus
A Rocket To The Moon,a_rocket_to_the_moon
Lupa,lupa
Three Days Grace,three_days_grace
Maria Rita / 1134893,maria_rita__1134893
Café Tacvba,caf_tacvba
Virus,virus
Bombay Bicycle Club,bombay_bicycle_club
Michael W. Smith,michael_w_smith
Fuel,fuel
Las Pelotas,las_pelotas
Type O Negative,type_o_negative
The Dandy Warhols,the_dandy_warhols
No Te Va Gustar,no_te_va_gustar
Estelares,estelares
Serú Girán,ser_girn
Los Gardelitos,los_gardelitos
The Glitch Mob,the_glitch_mob
Toploader,toploader
Erich Lee,erich_lee
Rammstein,rammstein
Future Royalty,future_royalty
Black Veil Brides,black_veil_brides
Slayer,slayer
Birileri,birileri
La Portuaria,la_portuaria
Jóvenes Pordioseros,jvenes_pordioseros
Lady Antebellum,lady_antebellum
Siouxsie and the Banshees,siouxsie_and_the_banshees
El Cuarteto De Nos,el_cuarteto_de_nos
La Verbena Popular,la_verbena_popular
Celso Piña,celso_pia
Luis Alberto Spinetta,luis_alberto_spinetta
Fernando Ruiz Diaz,fernando_ruiz_diaz
Foreign Air,foreign_air
Jessie Reyez,jessie_reyez
Blonde Redhead,blonde_redhead
Young Saab,young_saab
Palaye Royale,palaye_royale
Wolf Alice,wolf_alice
Büyük Ev Ablukada,byk_ev_ablukada
Ciro y los Persas,ciro_y_los_persas
Conociendo Rusia,conociendo_rusia
Efek Rumah Kaca,efek_rumah_kaca
Pedro Fernández,pedro_fernndez
La Franela,la_franela
Draco Rosa,draco_rosa
Soda Stereo,soda_stereo
The Screaming Jets,the_screaming_jets
Mastodon,mastodon
Santa Fe Klan,santa_fe_klan
Juan Ingaramo,juan_ingaramo
Saint Chaos,saint_chaos
The Struts,the_struts
Emmanuel Horvilleur,emmanuel_horvilleur
Zoe Gotusso,zoe_gotusso
División Minúscula,divisin_minscula
Skank,skank
Cuca,cuca
Los Fabulosos Cadillacs,los_fabulosos_cadillacs
Static-X,staticx
Newsboys,newsboys
Dorothy,dorothy
Pescado Rabioso,pescado_rabioso
Fernando Delgadillo,fernando_delgadillo
The Presidents Of The United States Of America,the_presidents_of_the_united_states_of_america
Emiliano Brancciari,emiliano_brancciari
Seether,seether
Amy Lee,amy_lee
Alice In Chains,alice_in_chains
XYLØ,xyl
for KING & COUNTRY,for_king__country
Gece,gece
Ratones Paranoicos,ratones_paranoicos
Inhaler,inhaler
Yaşlı Amca,yal_amca
Yüzyüzeyken Konuşuruz,yzyzeyken_konuuruz
Ximena Sariñana,ximena_sariana
Los Daniels,los_daniels
Marilina Bertoldi,marilina_bertoldi
Joe Vasconcellos,joe_vasconcellos
Anthrax,anthrax
Fidel Nadal,fidel_nadal
Public Enemy,public_enemy
Peter Bjorn and John,peter_bjorn_and_john
Chris Cornell,chris_cornell
LOUTA,louta
Brooke Ligertwood,brooke_ligertwood
İnsan Mıyız,insan_myz
Sleeping Wolf,sleeping_wolf
TOOL,tool
Sick Puppies,sick_puppies
Batu Akdeniz,batu_akdeniz
Camilo Séptimo,camilo_sptimo
Samantha Barrón,samantha_barrn
Michael Fossenkemper,michael_fossenkemper
Sepultura,sepultura
Skay Beilinson,skay_beilinson
Lucybell,lucybell
Amaarae,amaarae
Kali Uchis,kali_uchis
Moliy,moliy
GAYLE,gayle
THE ANXIETY,the_anxiety
WILLOW,willow
Tyler Cole,tyler_cole
Linkin Park,linkin_park
Bella Poarch,bella_poarch
Slipknot,slipknot
Gorillaz,gorillaz
Beck,beck
Oliver Tree,oliver_tree
Robin Schulz,robin_schulz
Florence + The Machine,florence__the_machine
Avenged Sevenfold,avenged_sevenfold
Mon Laferte,mon_laferte
Guaynaa,guaynaa
Justine Skye,justine_skye
Tyga,tyga
Evanescence,evanescence
Disturbed,disturbed
Enrique Bunbury,enrique_bunbury
xxtristanxo,xxtristanxo
The Wild,the_wild
DJ Shadow,dj_shadow
Mos Def,mos_def
Kiiara,kiiara
Qveen Herby,qveen_herby
Higuchi Ai,higuchi_ai
Crystal Castles,crystal_castles
Royal & the Serpent,royal__the_serpent
MARINA,marina
Freddie Gibbs,freddie_gibbs
Moneybagg Yo,moneybagg_yo
Shinedown,shinedown
Breaking Benjamin,breaking_benjamin
Tame Impala,tame_impala
Bootie Brown,bootie_brown
System Of A Down,system_of_a_down
Kavinsky,kavinsky
Princess Nokia,princess_nokia
Chri$tian Gate$,chritian_gate
Kid Rock,kid_rock
Sheryl Crow,sheryl_crow
Bob Seger,bob_seger
Ice Nine Kills,ice_nine_kills
Little Simz,little_simz
Snoh Aalegra,snoh_aalegra
Rico Nasty,rico_nasty
Flo Milli,flo_milli
Marshmello,marshmello
Lamb of God,lamb_of_god
Genevieve Stokes,genevieve_stokes
Ruel,ruel
Cookiee Kawaii,cookiee_kawaii
Dear Silas,dear_silas
Baby Tate,baby_tate
Gatlin,gatlin
Janelle Monáe,janelle_mone
Zoë Kravitz,zo_kravitz
Loyle Carner,loyle_carner
Jorja Smith,jorja_smith
La Roux,la_roux
GAMPER & DADONI,gamper__dadoni
FKA twigs,fka_twigs
The Weeknd,the_weeknd
The Knocks,the_knocks
Dragonette,dragonette
Rivers Cuomo,rivers_cuomo
Sevyn Streeter,sevyn_streeter
Ol' Dirty Bastard,ol_dirty_bastard
Halestorm,halestorm
Vicente Garcia,vicente_garcia
Kelis,kelis
Rich Travali,rich_travali
Elaine,elaine
Gojira,gojira
Sturgill Simpson,sturgill_simpson
James Blake,james_blake
Travis Scott,travis_scott
Metro Boomin,metro_boomin
Lil' Kim,lil_kim
Lil' Cease,lil_cease
The Notorious B.I.G.,the_notorious_big
Teyana Taylor,teyana_taylor
Limp Bizkit,limp_bizkit
Mahalia,mahalia
Curren$y,curreny
August Alsina,august_alsina
Lil Wayne,lil_wayne
Octavian,octavian
Skepta,skepta
JPEGMAFIA,jpegmafia
Tommy Genesis,tommy_genesis
The Chemical Brothers,the_chemical_brothers
Gaby Moreno,gaby_moreno
AFI,afi
Will Joseph Cook,will_joseph_cook
chloe moriondo,chloe_moriondo
Grimes,grimes
Duckwrth,duckwrth
Shaboozey,shaboozey
Holly Humberstone,holly_humberstone
Jacob Collier,jacob_collier
JoJo,jojo
Tinashe,tinashe
ScHoolboy Q,schoolboy_q
Pharoahe Monch,pharoahe_monch
Moonchild Sanelly,moonchild_sanelly
Juls,juls
Mellissa,mellissa
Dj Radix,dj_radix
P.Priime,ppriime
Jesse,jesse
Pusha T,pusha_t
Stormzy,stormzy
BJ The Chicago Kid,bj_the_chicago_kid
Baby Queen,baby_queen
Tierra Whack,tierra_whack
SuenaTron,suenatron
Los Retros,los_retros
Bad Wolves,bad_wolves
Ravyn Lenae,ravyn_lenae
Doechii,doechii
Cigarettes After Sex,cigarettes_after_sex
Apparat,apparat
Soap&Skin,soapskin
Novo Amor,novo_amor
Ed Tullett,ed_tullett
Lowswimmer,lowswimmer
Sleeping At Last,sleeping_at_last
Ludovico Einaudi,ludovico_einaudi
Daniel Hope,daniel_hope
I Virtuosi Italiani,i_virtuosi_italiani
Mohan,mohan
Marconi Union,marconi_union
Ananya Bhat,ananya_bhat
Santhosh Venky,santhosh_venky
Sachin Basrur,sachin_basrur
H. Shreenivas Moorthi,h_shreenivas_moorthi
Puneeth Rudranag,puneeth_rudranag
Vijy Aurs,vijy_aurs
Bicep,bicep
Max Richter,max_richter
Johannes Bornlöf,johannes_bornlf
"""Air Lyndhurst Orchestra",air_lyndhurst_orchestra
Robert Ziegler,robert_ziegler
Royal Philharmonic Orchestra,royal_philharmonic_orchestra
Fabrizio Paterlini,fabrizio_paterlini
Mari Samuelsen,mari_samuelsen
Konzerthausorchester Berlin,konzerthausorchester_berlin
Jonathan Stockhammer,jonathan_stockhammer
Brian Eno,brian_eno
Seekae,seekae
Flume,flume
Hildur Guðnadóttir,hildur_gunadttir
Jon Hopkins,jon_hopkins
Grouper,grouper
Flower Face,flower_face
Bethel Music,bethel_music
Jenn Johnson,jenn_johnson
Murali,murali
Chandiran,chandiran
Louisa Fuller,louisa_fuller
Natalia Bonner,natalia_bonner
John Metcalfe,john_metcalfe
Philip Sheppard,philip_sheppard
Chris Worsey,chris_worsey
Ana & Sven,ana__sven
Chad Lawson,chad_lawson
Dustin O'Halloran,dustin_ohalloran
Bryan Senti,bryan_senti
Nils Frahm,nils_frahm
Ryuichi Sakamoto,ryuichi_sakamoto
Lang Lang,lang_lang
Jóhann Jóhannsson,jhann_jhannsson
"""Joan La Barbara",joan_la_barbara
Dmitri Shostakovich,dmitri_shostakovich
Ares Trio,ares_trio
Stephan Moccio,stephan_moccio
Philip Glass,philip_glass
Chie Peters,chie_peters
Deutsches Kammerorchester Berlin,deutsches_kammerorchester_berlin
Rundfunkchor Berlin,rundfunkchor_berlin
Víkingur Ólafsson,vkingur_lafsson
aswekeepsearching,aswekeepsearching
Maxence Cyrin,maxence_cyrin
Mercuzio Pianist,mercuzio_pianist
Gustavo Santaolalla,gustavo_santaolalla
Roger Eno,roger_eno
Scoring Berlin,scoring_berlin
Leo Abrahams,leo_abrahams
Steffany Gretzinger,steffany_gretzinger
Kristene DiMarco,kristene_dimarco
Jonathan David Helser,jonathan_david_helser
Melissa Helser,melissa_helser
Carlos Cipa,carlos_cipa
Luke Howard,luke_howard
Brett Kelly,brett_kelly
Hania Rani,hania_rani
Dobrawa Czocher,dobrawa_czocher
Jess Gillam,jess_gillam
Jess Gillam Ensemble,jess_gillam_ensemble
Chilly Gonzales,chilly_gonzales
The Saxophones,the_saxophones
Aphex Twin,aphex_twin
Christian Löffler,christian_lffler
Michael Brook,michael_brook
Nusrat Fateh Ali Khan,nusrat_fateh_ali_khan
Abel Korzeniowski,abel_korzeniowski
Gia Margaret,gia_margaret
Peter Sandberg,peter_sandberg
Praveen,praveen
Shankar,shankar
Srinivas,srinivas
Clinton Cerejo,clinton_cerejo
DJ Aftab,dj_aftab
Project AER,project_aer
WYS,wys
Tony Anderson,tony_anderson
Joep Beving,joep_beving
Random Forest,random_forest
Simon Wester,simon_wester
Dario Marianelli,dario_marianelli
"""Jean-Yves Thibaudet",jeanyves_thibaudet
Message To Bears,message_to_bears
Peter Gregson,peter_gregson
Daniel Pioro,daniel_pioro
Grace Davidson,grace_davidson
Clara Sanabras,clara_sanabras
Hannah Cooke,hannah_cooke
Michael Nyman,michael_nyman
Ahn Trio,ahn_trio
Michael Nyman Band,michael_nyman_band
Kyson,kyson
Ólafur Arnalds,lafur_arnalds
Arnór Dan,arnr_dan
Bibio,bibio
Shankuraj Konwar,shankuraj_konwar
Alan Umstead,alan_umstead
Clara La San,clara_la_san
Clint Mansell,clint_mansell
Kronos Quartet,kronos_quartet
Mree,mree
This Will Destroy You,this_will_destroy_you
Tom Day,tom_day
Erik Nieder,erik_nieder
Olivia Belli,olivia_belli
cxlt.,cxlt
Bethany Wohrle,bethany_wohrle
Kelly Lee Owens,kelly_lee_owens
Sultan + Shepard,sultan__shepard
Jerro,jerro
Yann Tiersen,yann_tiersen
Dante Bowe,dante_bowe
Everton Nelson,everton_nelson
Gavin Luke,gavin_luke
kalley,kalley
"""Khatia Buniatishvili",khatia_buniatishvili
Otnicka,otnicka
LUCHS,luchs
Patrik Berg Almkvisth,patrik_berg_almkvisth
GÅEL,gel
Pulse Mandala,pulse_mandala
Suseti,suseti
James Heather,james_heather
Hugar,hugar
Four Tet,four_tet
Alexis Ffrench,alexis_ffrench
Marika Hackman,marika_hackman
De Moi,de_moi
The American Dollar,the_american_dollar
Air,air
Gordon Tracks,gordon_tracks
Lucy Rose,lucy_rose
Hammock,hammock
"""Greta Svabo Bech",greta_svabo_bech
Brian Johnson,brian_johnson
Little Symphony,little_symphony
Mary Lattimore,mary_lattimore
alva noto,alva_noto
Poemme,poemme
Gabríel Ólafs,gabrel_lafs
Reykjavík Recording Orchestra,reykjavk_recording_orchestra
Diego Luna,diego_luna
aspidistrafly,aspidistrafly
Akira Kosemura,akira_kosemura
From Overseas,from_overseas
Helios,helios
Matooma,matooma
Tripswitch,tripswitch
Ajja,ajja
Jobim Ffrench,jobim_ffrench
Richard Harwood,richard_harwood
Reinoud Ford,reinoud_ford
Tim Lowe,tim_lowe
Ben Chappell,ben_chappell
Katherine Jenkinson,katherine_jenkinson
Erland Cooper,erland_cooper
A Winged Victory for the Sullen,a_winged_victory_for_the_sullen
Adam Bryanbaum Wiltzie,adam_bryanbaum_wiltzie
Julien Baker,julien_baker
Lucy Dacus,lucy_dacus
Amsterdam Sinfonietta,amsterdam_sinfonietta
Mohna,mohna
Cliff Martinez,cliff_martinez
Odina,odina
Sophie Hutchings,sophie_hutchings
Eydís Evensen,eyds_evensen
Foreign Fields,foreign_fields
Paul Leonard-Morgan,paul_leonardmorgan
Clem Leek,clem_leek
Boards of Canada,boards_of_canada
Gautier Capuçon,gautier_capuon
Jerome Ducros,jerome_ducros
Cory Asbury,cory_asbury
Jack Liebeck,jack_liebeck
Benjamin Wallfisch,benjamin_wallfisch
Michaela Gentile,michaela_gentile
Beth Hirsch,beth_hirsch
Russian State Symphony Orchestra,russian_state_symphony_orchestra
Dmitry Yablonsky,dmitry_yablonsky
William Matthews,william_matthews
Kim Walker-Smith,kim_walkersmith
Steve Reich,steve_reich
Simos Papanas,simos_papanas
Kammerorchester Basel,kammerorchester_basel
Erik Reno,erik_reno
Davis John Patton,davis_john_patton
Ilya Beshevli,ilya_beshevli
Jesse Brown,jesse_brown
Goldmund,goldmund
The Native,the_native
You'll Never Get to Heaven,youll_never_get_to_heaven
Emmy Rose,emmy_rose
Elea,elea
Bahramji,bahramji
Leeland Mooring,leeland_mooring
Keaton Henson,keaton_henson
Josh Baldwin,josh_baldwin
David Sylvian,david_sylvian
Library Tapes,library_tapes
Ishome,ishome
Elskavon,elskavon
Aquilo,aquilo
Air Lyndhurst String Orchestra,air_lyndhurst_string_orchestra
Anthony Weeden,anthony_weeden
Alice Sara Ott,alice_sara_ott
Mattia Vlad Morleo,mattia_vlad_morleo
Brambles,brambles
WhoMadeWho,whomadewho
Carbon Based Lifeforms,carbon_based_lifeforms
Valentina Lisitsa,valentina_lisitsa
Kaitlyn Aurelia Smith,kaitlyn_aurelia_smith
Jeremy Riddle,jeremy_riddle
yutaka hirasaka,yutaka_hirasaka
Matthew Harvey,matthew_harvey
Dear Gravity,dear_gravity
Rasmus H Thomsen,rasmus_h_thomsen
Henry Green,henry_green
Aukai,aukai
The Echelon Effect,the_echelon_effect
Lights & Motion,lights__motion
English Chamber Orchestra,english_chamber_orchestra
"""Benjamin Wallfisch",benjamin_wallfisch
Amanda Cook,amanda_cook
Frida Sundemo,frida_sundemo
PMCE Parco Della Musica Contempornea Ensemble,pmce_parco_della_musica_contempornea_ensemble
Sebastian Plano,sebastian_plano
Perlo,perlo
The Secret Place,the_secret_place
Oskar Schuster,oskar_schuster
Líom,lom
David Funk,david_funk
Miloš Karadaglić,milo_karadagli
Franco Feruglio,franco_feruglio
Mauro Loguercio,mauro_loguercio
Gabriele Baffero,gabriele_baffero
Antonello Leofreddi,antonello_leofreddi
Marco Decimo,marco_decimo
Mark & Sarah Tillman,mark__sarah_tillman
Tracey Chattaway,tracey_chattaway
Naomi Raine,naomi_raine
Gabriel Yared,gabriel_yared
Solar Fields,solar_fields
Royal Concertgebouw Orchestra,royal_concertgebouw_orchestra
Riccardo Chailly,riccardo_chailly
Eashwar Subramanian,eashwar_subramanian
Jean-Michel Blais,jeanmichel_blais
Mike Lazarev,mike_lazarev
Hauschka,hauschka
Niklas Paschburg,niklas_paschburg
Andy Barlow,andy_barlow
Scott Moore,scott_moore
Emily Pisaturo,emily_pisaturo
Biosphere,biosphere
Slow Meadow,slow_meadow
Nicolas Hodges,nicolas_hodges
Rolf Hind,rolf_hind
Fejká,fejk
Sylvain Chauveau,sylvain_chauveau
Lambert,lambert
Roedelius,roedelius
Arnold Kasar,arnold_kasar
Sebastián Escofet,sebastin_escofet
Phoria,phoria
Federico Albanese,federico_albanese
Gable Price,gable_price
Morten Myklebust,morten_myklebust
Roberto Cacciapaglia,roberto_cacciapaglia
Fous De La Mer,fous_de_la_mer
Clair Dietrich,clair_dietrich
J.C. Fous de la mer,jc_fous_de_la_mer
Sueño Latino,sueo_latino
Valeria Vix,valeria_vix
Vix,vix
AL-90,al90
FMSAO,fmsao
Bonobo,bonobo
Sleep Surgeon,sleep_surgeon
Marie Angerer,marie_angerer
Murcof,murcof
Vanessa Wagner,vanessa_wagner
Tom Ashbrook,tom_ashbrook
Lavinia Meijer,lavinia_meijer
Dirk Maassen,dirk_maassen
Brandon Lake,brandon_lake
Jasper Randall,jasper_randall
The Hollywood Studio Symphony,the_hollywood_studio_symphony
Actress,actress
Peter Broderick,peter_broderick
Jonny Greenwood,jonny_greenwood
Benoît Pioulard,benot_pioulard
Chris Coleman,chris_coleman
Grandbrothers,grandbrothers
Blurstem,blurstem
Christian Badzura,christian_badzura
Leon Vynehall,leon_vynehall
Mitch Wong,mitch_wong
Myleene Klass,myleene_klass
Karen Dalton,karen_dalton
Bonnie Brooksbank,bonnie_brooksbank
Ceeys,ceeys
Meitei,meitei
Nibana,nibana
Rökkurró,rkkurr
Alessandro Simonetto,alessandro_simonetto
Michiru Aoyama,michiru_aoyama
Marty Hicks,marty_hicks
Paul McClure,paul_mcclure
Entheogenic,entheogenic
Stars Of The Lid,stars_of_the_lid
Burzum,burzum
Young & Sick,young__sick
Spacecraft,spacecraft
Ian Burdge,ian_burdge
Don Markese,don_markese
Braulio Barrera,braulio_barrera
Javier Casalla,javier_casalla
Anibal Kerpel,anibal_kerpel
David Helpling,david_helpling
Dine,dine
René Aubry,ren_aubry
Constance Demby,constance_demby
Felix Rösch,felix_rsch
Maksym Rzemiński,maksym_rzemiski
Radom Chamber Orchestra,radom_chamber_orchestra
"""Dawid Runtz",dawid_runtz
Balmorhea,balmorhea
yeule,yeule
Ben Lukas Boysen,ben_lukas_boysen
Armand Amar,armand_amar
Lévon Minassian,lvon_minassian
Czech National Symphony Orchestra,czech_national_symphony_orchestra
U137,u137
Yuki Numata Resnick,yuki_numata_resnick
Tarn Travers,tarn_travers
Ben Russell,ben_russell
Clarice Jensen,clarice_jensen
David Byrne,david_byrne
Giacomo Baldelli,giacomo_baldelli
Virginia Astley,virginia_astley
The Orb,the_orb
Mansij,mansij
Max B Groove,max_b_groove
Dhamika,dhamika
Desolate Horizons,desolate_horizons
v i v,v_i_v
Colours in Context,colours_in_context
Rival Consoles,rival_consoles
Igneous Flame,igneous_flame
Tim Story,tim_story
Liquid Mind,liquid_mind
美波,
KANA-BOON,kanaboon
Kenshi Yonezu,kenshi_yonezu
TK from Ling tosite sigure,tk_from_ling_tosite_sigure
Yoko Takahashi,yoko_takahashi
Eve,eve
ENHYPEN,enhypen
Hiroyuki Sawano,hiroyuki_sawano
Ikimonogakari,ikimonogakari
渕上 舞,_
BURNOUT SYNDROMES,burnout_syndromes
LiSA,lisa
Vickeblanka,vickeblanka
MUSASHI PROJECT,musashi_project
Official HIGE DANdism,official_hige_dandism
Apollo Fresh,apollo_fresh
FLOW,flow
Yugo Kanno,yugo_kanno
Aimer,aimer
KOHTA YAMAMOTO,kohta_yamamoto
Kiko Blac,kiko_blac
majiko,majiko
Linked Horizon,linked_horizon
ZAQ,zaq
Khantrast,khantrast
Louis Capone,louis_capone
Mrs. GREEN APPLE,mrs_green_apple
Samuel Kim,samuel_kim
SEKAI NO OWARI,sekai_no_owari
Yuko Ando,yuko_ando
Taeko Onuki,taeko_onuki
7!!,7
Cö Shu Nie,c_shu_nie
Hikaru Utada,hikaru_utada
Hiroaki Tsutsumi,hiroaki_tsutsumi
Toft Willingham,toft_willingham
Chez,chez
Jessica Gelinas,jessica_gelinas
FantasticYouth,fantasticyouth
Kato,kato
the peggies,the_peggies
Kensuke Ushio,kensuke_ushio
Yuki Hayashi,yuki_hayashi
KANKAKU PIERO,kankaku_piero
THE ORAL CIGARETTES,the_oral_cigarettes
Fery,fery
Yasuharu Takanashi,yasuharu_takanashi
Shiki-TMNS,shikitmns
Kodama Boy,kodama_boy
Big Gay,big_gay
Hideki Taniuchi,hideki_taniuchi
Rustage,rustage
[Alexandros],alexandros
Yutaka Yamada,yutaka_yamada
QUEEN BEE,queen_bee
小畑貴裕,
Ken Arai,ken_arai
NSZX,nszx
ASIAN KUNG-FU GENERATION,asian_kungfu_generation
Joe Hisaishi,joe_hisaishi
sumika,sumika
JAM Project,jam_project
SawanoHiroyuki[nZk],sawanohiroyukinzk
mizuki,mizuki
Uta,uta
Hentai Dude,hentai_dude
FictionJunction,fictionjunction
CHiCO with HoneyWorks,chico_with_honeyworks
白銀御行(CV:古川慎),cv
藤原千花(CV:小原好美),cv
Otaku,otaku
LoFi Waiter,lofi_waiter
Animelmack,animelmack
DizzyEight,dizzyeight
Dreaded Yasuke,dreaded_yasuke
Savvy Hyuga,savvy_hyuga
Connor Rapper,connor_rapper
GameboyJones,gameboyjones
None Like Joshua,none_like_joshua
UVERworld,uverworld
McGwire,mcgwire
TOPHAMHAT-KYO,tophamhatkyo
Kiro Akiyama,kiro_akiyama
Berioska,berioska
Hello Sleepwalkers,hello_sleepwalkers
Belle,belle
frad,frad
SPYAIR,spyair
桶狭間ありさ,
eill,eill
Kijugo,kijugo
Sunday Vibes,sunday_vibes
ACN Music.,acn_music
MindaRyn,mindaryn
Pharozen,pharozen
Shofu,shofu
Jhbboss,jhbboss
conscience,conscience
Syndrome,syndrome
ReoNa,reona
YAIBA,yaiba
Sayuri,sayuri
amazarashi,amazarashi
sasanomaly,sasanomaly
Feora,feora
Yoshihisa Hirano,yoshihisa_hirano
たかはしほのか,
Evan Call,evan_call
Chewie Melodies,chewie_melodies
Centimillimental,centimillimental
Raimu,raimu
Akari Kito,akari_kito
GoldenEMP,goldenemp
Konomi Suzuki,konomi_suzuki
Johnald,johnald
Eir Aoi,eir_aoi
YEONJUN,yeonjun
Kaoru Wada,kaoru_wada
SID,sid
NICO Touches the Walls,nico_touches_the_walls
スピラ・スピカ,
いとうかなこ,
KM,km
Broken,broken
中野家の五つ子,
TRUE,true
EGOIST,egoist
Or3o,or3o
Bastiancortesxv,bastiancortesxv
wacci,wacci
Masato(coldrain),masatocoldrain
coladrain,coladrain
はてな,
茅原実里,
SCREEN mode,screen_mode
ASCA,asca
halca,halca
MAN WITH A MISSION,man_with_a_mission
OzzaWorld,ozzaworld
Musicality,musicality
mellowthemanic,mellowthemanic
Fabvl,fabvl
Macaroni Empitsu,macaroni_empitsu
Ricardo Silva,ricardo_silva
Nana Mizuki,nana_mizuki
miwa,miwa
PELICAN FANCLUB,pelican_fanclub
伊藤美来,
Aqua Timez,aqua_timez
Destly,destly
MADKID,madkid
Kupla,kupla
Uru,uru
Lenny code fiction,lenny_code_fiction
Megumi Hayashibara,megumi_hayashibara
Zarcort,zarcort
MegaR,megar
Kballero Rap,kballero_rap
Ejsu Multimedia,ejsu_multimedia
Fallo,fallo
Karu,karu
PianoDeuss,pianodeuss
Myuk,myuk
大原ゆい子,
Hayne,hayne
Milky Day,milky_day
DISH//,dish
μ's,s
Laco,laco
BigRicePiano,bigricepiano
HYDE,hyde
Taku Iwasaki,taku_iwasaki
supercell,supercell
ClariS,claris
ACE COLLECTION,ace_collection
Nyako,nyako
Galileo Galilei,galileo_galilei
Asami Tachibana,asami_tachibana
STEREO DIVE FOUNDATION,stereo_dive_foundation
Naeleck,naeleck
Minijau,minijau
Tokumei,tokumei
Rockit Music,rockit_music
Shwabadi,shwabadi
Deaded Yasuke,deaded_yasuke
Eddie Rath,eddie_rath
DaisyBanaisy,daisybanaisy
Masaki Suda,masaki_suda
Celestial Alignment,celestial_alignment
Frazer,frazer
Adrian Barba,adrian_barba
TM NETWORK,tm_network
もっさ,
SoulBeatz,soulbeatz
EMPiRE,empire
物語シリーズ,
DOES,does
ヴィヴィ(Vo.八木海莉),vo
Reol,reol
syudou,syudou
Sonoko Inoue,sonoko_inoue
Maretu,maretu
Keyblade,keyblade
Darckstar,darckstar
スカートとPUNPEE,punpee
スカート,
PUNPEE,punpee
Marika Takeuchi,marika_takeuchi
Sukima Switch,sukima_switch
Fairlane,fairlane
Haruka Tomatsu,haruka_tomatsu
HalcyonMusic,halcyonmusic
Mika Kobayashi,mika_kobayashi
Daddyphatsnaps,daddyphatsnaps
Delta Deez,delta_deez
畠中 祐,_
Zius Lit,zius_lit
The Covers Duo,the_covers_duo
Doblecero,doblecero
Theishter,theishter
SUPER BEAVER,super_beaver
tills chills,tills_chills
TrackGonEat,trackgoneat
Chelly,chelly
Satoshi Takebe,satoshi_takebe
LulunaRina,lulunarina
Luna Haruna,luna_haruna
Fonzi M,fonzi_m
Louverture,louverture
The Kevin Bennett,the_kevin_bennett
shirobeats,shirobeats
Trap Music Now,trap_music_now
JOEHDAH,joehdah
Eva Ruiz,eva_ruiz
神崎エルザ,
Bynmc,bynmc
SoulRap,soulrap
Bastián Cortés,bastin_corts
ZerØ,zer
Adlomusic,adlomusic
SCANDAL,scandal
ChouCho,choucho
GRANRODEO,granrodeo
kobasolo,kobasolo
七穂,
WEAVER,weaver
HalaCG,halacg
Fandubs Jose,fandubs_jose
PurpleTheBlue,purpletheblue
Kronno Zomber,kronno_zomber
WANDS,wands
kurochuu.,kurochuu
suis from Yorushika,suis_from_yorushika
anifi,anifi
Kano,kano
えみい,
Sumire Uesaka,sumire_uesaka
PE$O PETE,peo_pete
Lex Bratcher,lex_bratcher
Connor Quest!,connor_quest
Aizen,aizen
UNISON SQUARE GARDEN,unison_square_garden
Divide Music,divide_music
梶浦 由記,_
Hachioji P,hachioji_p
Giga,giga
Hatsune Miku,hatsune_miku
Kagamine Rin,kagamine_rin
"""omar1up",omar1up
Amatsuki,amatsuki
Shiro Sagisu,shiro_sagisu
"""Rayden",rayden
Katsu Hoshi,katsu_hoshi
iBringDaLULZ,ibringdalulz
Cdawgva,cdawgva
Zach Boucher,zach_boucher
Shao Dow,shao_dow
FrivolousShara,frivolousshara
DiggzDaProphecy,diggzdaprophecy
BassedOlaf,bassedolaf
Burefu,burefu
BiSH,bish
DECO*27,deco27
Bruce Faulconer,bruce_faulconer
Nattalia Sarria,nattalia_sarria
Meychan,meychan
Tricker,tricker
Danie Green,danie_green
Vxnity,vxnity
Yuu Miyashita,yuu_miyashita
NILFRUITS,nilfruits
Beau.,beau
藤川千愛,
Takatsugu Muramatsu,takatsugu_muramatsu
kopi,kopi
jon-YAKITORY,jonyakitory
Ado,ado
Kainbeats,kainbeats
softy,softy
sweet ARMS,sweet_arms
Sakurakou K-ON Bu,sakurakou_kon_bu
LoFoxy,lofoxy
"""Sakura",sakura
Miyakawa-kun,miyakawakun
Miliyah,miliyah
Hitorie,hitorie
Torby Brand,torby_brand
yanaginagi,yanaginagi
Palademix,palademix
"""Nostalgic",nostalgic
Junoflo,junoflo
MY FIRST STORY,my_first_story
Nanawoakari,nanawoakari
Kiwwi,kiwwi
高木さん(CV:高橋李依),cv
亜咲花,
BenderCat,bendercat
Tha J-SQUAD,tha_jsquad
Remix Maniacs,remix_maniacs
Kenma,kenma
luvbyrd,luvbyrd
JUNNA,junna
佐々木恵梨,
Rei Yasuda,rei_yasuda
CG5,cg5
Breeton Boi,breeton_boi
954mari,954mari
ドリーミング,
Ben Schuller,ben_schuller
IA,ia
Gabriela Vega,gabriela_vega
照井順政,
Shoko Nakagawa,shoko_nakagawa
Jisatsu,jisatsu
CIVILIAN,civilian
DIALOGUE+,dialogue
Elijah Lee,elijah_lee
Capcom Sound Team,capcom_sound_team
Anime Piano Dreamers,anime_piano_dreamers
T.M.Revolution,tmrevolution
Laharl Square,laharl_square
DeGoBooM,degoboom
Cradle Of Filth,cradle_of_filth
Make Them Suffer,make_them_suffer
Behemoth,behemoth
Sadness,sadness
ORM,orm
Mayhem,mayhem
Dissection,dissection
Rotting Christ,rotting_christ
Dimmu Borgir,dimmu_borgir
Avhath,avhath
Alcest,alcest
Morbid Angel,morbid_angel
End It,end_it
Shemhamforash,shemhamforash
I AM,i_am
Eshtadur,eshtadur
Deicide,deicide
Gruzja,gruzja
Wiegedood,wiegedood
Winds of Plague,winds_of_plague
Kanonenfieber,kanonenfieber
Therion,therion
Eisregen,eisregen
Samael,samael
Sarcófago,sarcfago
Kvelertak,kvelertak
Thurisaz,thurisaz
Deafheaven,deafheaven
Agalloch,agalloch
Akitsa,akitsa
In The Burial,in_the_burial
Wormwood,wormwood
Vreid,vreid
Kvaen,kvaen
Rasmus Rova,rasmus_rova
Sebastian Ramstedt,sebastian_ramstedt
Mortuary Drape,mortuary_drape
LIK,lik
Celtic Frost,celtic_frost
Månegarm,mnegarm
Moonspell,moonspell
Bathory,bathory
Truchło Strzygi,trucho_strzygi
Nate Newton,nate_newton
Enslaved,enslaved
Cruel Force,cruel_force
Hypocrisy,hypocrisy
Old Man's Child,old_mans_child
Darkthrone,darkthrone
Bölzer,blzer
Satyricon,satyricon
Bucovina,bucovina
Midnight,midnight
al'Tyr,altyr
Vader,vader
Horn,horn
Ljå,lj
De Profundis,de_profundis
Xanthochroid,xanthochroid
Negator,negator
Ihsahn,ihsahn
Groza,groza
Khold,khold
Devil Master,devil_master
Entombed,entombed
Dark Funeral,dark_funeral
Rose Funeral,rose_funeral
Nidingr,nidingr
Sólstafir,slstafir
Windir,windir
Toxic Holocaust,toxic_holocaust
Portrayal of Guilt,portrayal_of_guilt
Emperor,emperor
Venom,venom
(DOLCH),dolch
Imperialist,imperialist
Naglfar,naglfar
Ajattara,ajattara
Joel Grind,joel_grind
Ellinor Videfors,ellinor_videfors
Empyrium,empyrium
Nifelheim,nifelheim
1349,1349
Watain,watain
Wolves In The Throne Room,wolves_in_the_throne_room
Anaal Nathrakh,anaal_nathrakh
Immortal,immortal
Sodom,sodom
Mike Wead,mike_wead
Sarastus,sarastus
Havukruunu,havukruunu
Power From Hell,power_from_hell
Bloodbath,bloodbath
Kampfar,kampfar
Harakiri for the Sky,harakiri_for_the_sky
Myrkur,myrkur
Warmoon Lord,warmoon_lord
Moonsorrow,moonsorrow
Regarde Les Hommes Tomber,regarde_les_hommes_tomber
Bewitcher,bewitcher
Woods Of Ypres,woods_of_ypres
The Kovenant,the_kovenant
Exciter,exciter
Leviathan,leviathan
Primordial,primordial
Summoning,summoning
Aversions Crown,aversions_crown
Inquisition,inquisition
Marduk,marduk
Sielunvihollinen,sielunvihollinen
Iván Ferrús,ivn_ferrs
CABAL,cabal
Manes,manes
Siebenbürgen,siebenbrgen
Mgła,mga
Valkyrja,valkyrja
Carach Angren,carach_angren
Impaled Nazarene,impaled_nazarene
Les Discrets,les_discrets
Sabbat,sabbat
Black Messiah,black_messiah
Eldamar,eldamar
White Ward,white_ward
Mörk Gryning,mrk_gryning
Witchery,witchery
Këkht Aräkh,kkht_arkh
Batushka,batushka
Mork,mork
Courtney LaPlante,courtney_laplante
Slabdragger,slabdragger
Myrkgrav,myrkgrav
In Aphelion,in_aphelion
Der Weg einer Freiheit,der_weg_einer_freiheit
Arkona,arkona
Ungfell,ungfell
Jesus Piece,jesus_piece
Kriegsmaschine,kriegsmaschine
Dawn Of Ashes,dawn_of_ashes
Mystifier,mystifier
Uada,uada
Deströyer 666,destryer_666
Panopticon,panopticon
Funeral Mist,funeral_mist
Unleashed,unleashed
Lars Nedland,lars_nedland
Graveworm,graveworm
Borknagar,borknagar
Bal-Sagoth,balsagoth
Nargaroth,nargaroth
Mathias Lillmåns,mathias_lillmns
Obscurity,obscurity
Cadaveria,cadaveria
Istapp,istapp
Seth,seth
Bestial Mockery,bestial_mockery
Tiamat,tiamat
Necrophobic,necrophobic
Fleshgod Apocalypse,fleshgod_apocalypse
Vintersorg,vintersorg
Cult Of Fire,cult_of_fire
Norrhem,norrhem
Agrypnie,agrypnie
Skyforger,skyforger
Carnifex,carnifex
In Twilight's Embrace,in_twilights_embrace
Desaster,desaster
Christ Agony,christ_agony
Sargeist,sargeist
Fallujah,fallujah
Antichrist Siege Machine,antichrist_siege_machine
Sunken,sunken
Whoredom Rife,whoredom_rife
Arckanum,arckanum
Tsjuder,tsjuder
Dom Zły,dom_zy
Gehenna,gehenna
Lifvsleda,lifvsleda
Totalselfhatred,totalselfhatred
Forefather,forefather
Body Void,body_void
Mizmor,mizmor
Thou,thou
Maciej Taff,maciej_taff
Hulder,hulder
Susperia,susperia
Sigh,sigh
The Great Old Ones,the_great_old_ones
Arcturus,arcturus
Astronoid,astronoid
Gaerea,gaerea
Gaahls WYRD,gaahls_wyrd
Mysticum,mysticum
Absu,absu
Liturgy,liturgy
Sangue de Bode,sangue_de_bode
Conan,conan
Angelmaker,angelmaker
Saor,saor
Darzamat,darzamat
Unanimated,unanimated
Cruachan,cruachan
Isengard,isengard
Division Speed,division_speed
Mord'a'Stigmata,mordastigmata
Craft,craft
Belphegor,belphegor
Moribund Oblivion,moribund_oblivion
Deadlife,deadlife
Gorgoroth,gorgoroth
Shade Empire,shade_empire
Furia,furia
Avslut,avslut
Nachtmystium,nachtmystium
Incantation,incantation
Hellripper,hellripper
Psychonaut 4,psychonaut_4
Angrrsth,angrrsth
Einherjer,einherjer
Lord Belial,lord_belial
The Spirit,the_spirit
In The Woods...,in_the_woods
Urgehal,urgehal
Der Tod und die Landsknechte,der_tod_und_die_landsknechte
Totenwache,totenwache
Triptykon,triptykon
Ninkharsag,ninkharsag
Dødheimsgard,ddheimsgard
Graveland,graveland
Velho,velho
Carpathian Forest,carpathian_forest
SuidAkrA,suidakra
Stormlord,stormlord
Wraith,wraith
Witchtrap,witchtrap
Nordjevel,nordjevel
Barathrum,barathrum
Lea Grawsiö Lindström,lea_grawsi_lindstrm
Violet Cold,violet_cold
Thy Light,thy_light
Dödsrit,ddsrit
Perturbator,perturbator
Speedwolf,speedwolf
Nocturnal Depression,nocturnal_depression
Diabolic Night,diabolic_night
Thorns,thorns
Vargrav,vargrav
Sulphur Aeon,sulphur_aeon
Theatres Des Vampires,theatres_des_vampires
Amebix,amebix
Yoth Iria,yoth_iria
Lantlôs,lantls
Belzebubs,belzebubs
Abstract Void,abstract_void
CHTHONIC,chthonic
Odraza,odraza
EXNUN,exnun
Vermilia,vermilia
Eternal Helcaraxe,eternal_helcaraxe
Pierre Törnkvist,pierre_trnkvist
Dold Vorde Ens Navn,dold_vorde_ens_navn
Abbath,abbath
Opera IX,opera_ix
Sabhankra,sabhankra
Tersivel,tersivel
Winterfylleth,winterfylleth
Mephorash,mephorash
Doomsday,doomsday
Anal Vomit,anal_vomit
Gernotshagen,gernotshagen
Dornenreich,dornenreich
Inferi,inferi
Eric Johnson,eric_johnson
Mipso,mipso
Alison Krauss,alison_krauss
Brad Paisley,brad_paisley
Alison Krauss & Union Station,alison_krauss__union_station
Wood & Wire,wood__wire
Pickin' On Series,pickin_on_series
Iron Horse,iron_horse
The Steeldrivers,the_steeldrivers
The Infamous Stringdusters,the_infamous_stringdusters
Trampled by Turtles,trampled_by_turtles
J.D. Crowe & The New South,jd_crowe__the_new_south
Greensky Bluegrass,greensky_bluegrass
Town Mountain,town_mountain
Flatt & Scruggs,flatt__scruggs
The Devil Makes Three,the_devil_makes_three
Kitchen Dwellers,kitchen_dwellers
Leftover Salmon,leftover_salmon
Yonder Mountain String Band,yonder_mountain_string_band
The Wailin' Jennys,the_wailin_jennys
The Avett Brothers,the_avett_brothers
Nickel Creek,nickel_creek
Tennessee Ernie Ford,tennessee_ernie_ford
Caribou Mountain Collective,caribou_mountain_collective
Tony Trischka,tony_trischka
Jerry Douglas,jerry_douglas
Paul Simon,paul_simon
Mumford & Sons,mumford__sons
Jim and Jesse and the Virginia Boys,jim_and_jesse_and_the_virginia_boys
Wood Belly,wood_belly
Justin Moses,justin_moses
The Wood Brothers,the_wood_brothers
Keller Williams,keller_williams
Stringbean,stringbean
The Del McCoury Band,the_del_mccoury_band
Horseshoes & Hand Grenades,horseshoes__hand_grenades
Charlie Parr,charlie_parr
John Hartford,john_hartford
Old Crow Medicine Show,old_crow_medicine_show
Balsam Range,balsam_range
Special Consensus,special_consensus
The Lil Smokies,the_lil_smokies
Peter Rowan,peter_rowan
John Berry,john_berry
Watchhouse,watchhouse
Hot Rize,hot_rize
Trout Steak Revival,trout_steak_revival
Hot Buttered Rum,hot_buttered_rum
The Boxcars,the_boxcars
Punch Brothers,punch_brothers
Split Lip Rayfield,split_lip_rayfield
Jim & Jesse,jim__jesse
Mountain Sprout,mountain_sprout
Larry Sparks,larry_sparks
Blue Highway,blue_highway
Keller & The Keels,keller__the_keels
Ricky Skaggs,ricky_skaggs
Lester Flatt,lester_flatt
Earl Scruggs,earl_scruggs
Mother Maybelle Carter,mother_maybelle_carter
Lonesome River Band,lonesome_river_band
The Bluegrass Album Band,the_bluegrass_album_band
Rob Scallon,rob_scallon
The Rice Brothers,the_rice_brothers
Reno & Smiley,reno__smiley
The Stanley Brothers,the_stanley_brothers
Tony Rice Unit,tony_rice_unit
Unspoken Tradition,unspoken_tradition
Dale Ann Bradley,dale_ann_bradley
Billy Dean,billy_dean
Sideline,sideline
Jerry Garcia Band,jerry_garcia_band
Jerry Garcia,jerry_garcia
Cornmeal,cornmeal
Carolina Chocolate Drops,carolina_chocolate_drops
Sarah Jarosz,sarah_jarosz
Crooked Still,crooked_still
Honeybucket,honeybucket
Nefesh Mountain,nefesh_mountain
Sam Bush,sam_bush
The Grascals,the_grascals
John Waite,john_waite
Sara Watkins,sara_watkins
The Kentucky Colonels,the_kentucky_colonels
Hackensaw Boys,hackensaw_boys
Dan Tyminski,dan_tyminski
Billy Strings,billy_strings
Foghorn Stringband,foghorn_stringband
Sister Sadie,sister_sadie
Three Tall Pines,three_tall_pines
Breaking Grass,breaking_grass
The Brothers Comatose,the_brothers_comatose
Béla Fleck,bla_fleck
Stuart Duncan,stuart_duncan
Mark O'Connor,mark_oconnor
Tony Rice,tony_rice
Mark Schatz,mark_schatz
Jimmy Martin,jimmy_martin
The Broken Circle Breakdown Bluegrass Band,the_broken_circle_breakdown_bluegrass_band
Ronnie Bowman,ronnie_bowman
The Po' Ramblin' Boys,the_po_ramblin_boys
Andy Thorn,andy_thorn
Kenny Baker,kenny_baker
The Travelin' McCourys,the_travelin_mccourys
Dailey & Vincent,dailey__vincent
Vassar Clements,vassar_clements
Todd Phillips,todd_phillips
Ralph Stanley,ralph_stanley
Yarn,yarn
Tim O'Brien,tim_obrien
Darrell Scott,darrell_scott
Bad Livers,bad_livers
David Rawlings,david_rawlings
Fruition,fruition
Clarence White,clarence_white
The Steel Wheels,the_steel_wheels
Railroad Earth,railroad_earth
Michael Cleveland,michael_cleveland
OurVinyl,ourvinyl
Brad Davis,brad_davis
Makenzie Rains,makenzie_rains
The Dillards,the_dillards
Gillian Welch,gillian_welch
Bill Monroe & His Blue Grass Boys,bill_monroe__his_blue_grass_boys
Psychograss,psychograss
J.D. Crowe,jd_crowe
Larry Keel,larry_keel
Josh Williams,josh_williams
Uncle Earl,uncle_earl
Holly Bowling,holly_bowling
Steep Canyon Rangers,steep_canyon_rangers
Doc Watson,doc_watson
David Grisman,david_grisman
Sierra Hull,sierra_hull
Big Country Bluegrass,big_country_bluegrass
The Foggy Mountain Boys,the_foggy_mountain_boys
NewTown,newtown
Claire Lynch,claire_lynch
Andrew Marlin,andrew_marlin
Adam Steffey,adam_steffey
Don Rigsby,don_rigsby
Kristin Scott Benson}Ron Stewart,kristin_scott_bensonron_stewart
Missy Raines,missy_raines
Randy Kohrs,randy_kohrs
Della Mae,della_mae
Avril Smith,avril_smith
Alison Brown,alison_brown
Merle Watson,merle_watson
Chris Thile,chris_thile
Michael Daves,michael_daves
Blue Moon Rising,blue_moon_rising
Andy McKee,andy_mckee
Steve Ivey,steve_ivey
I'm With Her,im_with_her
Aoife O'Donovan,aoife_odonovan
Appalachian Express,appalachian_express
Songs From The Road Band,songs_from_the_road_band
Taylor Ashton,taylor_ashton
Taarka,taarka
The Isaacs,the_isaacs
Bryan Sutton,bryan_sutton
The Osborne Brothers,the_osborne_brothers
Molly Tuttle,molly_tuttle
Old & In The Way,old__in_the_way
Steve Martin,steve_martin
Bill Monroe,bill_monroe
Edgar Meyer,edgar_meyer
Yo-Yo Ma,yoyo_ma
Bill Emerson,bill_emerson
Norman Blake,norman_blake
The Waybacks,the_waybacks
Kruger Brothers,kruger_brothers
Flatt Lonesome,flatt_lonesome
Hayseed Dixie,hayseed_dixie
Elephant Revival,elephant_revival
Jim Vancleve,jim_vancleve
Mile Twelve,mile_twelve
Mountain Heart,mountain_heart
Fireside Collective,fireside_collective
Keller Williams with The Travelin' McCourys,keller_williams_with_the_travelin_mccourys
Newfound Road,newfound_road
The Lonely Heartstring Band,the_lonely_heartstring_band
Bobby Osborne,bobby_osborne
Rob Ickes,rob_ickes
Trey Hensley,trey_hensley
Don Reno,don_reno
The Rubber Knife Gang,the_rubber_knife_gang
The Lonesome Trio,the_lonesome_trio
Pert Near Sandstone,pert_near_sandstone
New Grass Revival,new_grass_revival
Grandpa Jones,grandpa_jones
Easter Brothers,easter_brothers
Tommy Emmanuel,tommy_emmanuel
Mike Marshall,mike_marshall
Becky Buller,becky_buller
Bill Harrell,bill_harrell
The Tennessee Cut-Ups,the_tennessee_cutups
Bruce Molsky,bruce_molsky
IIIrd Tyme Out,iiird_tyme_out
Doc & Merle Watson,doc__merle_watson
Mac Wiseman,mac_wiseman
The Way Down Wanderers,the_way_down_wanderers
The Show Ponies,the_show_ponies
Doyle Lawson & Quicksilver,doyle_lawson__quicksilver
Edie Brickell,edie_brickell
The Seldom Scene,the_seldom_scene
The Carter Family,the_carter_family
Johnny Cash,johnny_cash
The Louvin Brothers,the_louvin_brothers
Mike Barnett,mike_barnett
Phoebe Hunt,phoebe_hunt
The Gatherers,the_gatherers
Scott Nygaard,scott_nygaard
The Doc Watson Family,the_doc_watson_family
Bronwyn Keith-Hynes,bronwyn_keithhynes
Jason Carter,jason_carter
Nashville Country Chorale,nashville_country_chorale
Paul Williams,paul_williams
The Victory Trio,the_victory_trio
Kenny & Amanda Smith Band,kenny__amanda_smith_band
The String Cheese Incident,the_string_cheese_incident
Dwight McCall,dwight_mccall
Paul McCartney,paul_mccartney
Watkins Family Hour,watkins_family_hour
Sean Watkins,sean_watkins
Gaven Largent,gaven_largent
The Bluegrass Cardinals,the_bluegrass_cardinals
Bob Weir,bob_weir
Blueridge Mountain Bluegrass Band,blueridge_mountain_bluegrass_band
Barry Bales,barry_bales
Alan Bibey,alan_bibey
Grasstowne,grasstowne
Lou Ann Price,lou_ann_price
Mike Auldridge,mike_auldridge
Ben Sollee,ben_sollee
The Greencards,the_greencards
High Fidelity,high_fidelity
The Monroe Brothers,the_monroe_brothers
Del McCoury,del_mccoury
David Grier,david_grier
Laurie Lewis,laurie_lewis
The Right Hands,the_right_hands
Linda Ronstadt,linda_ronstadt
Circus No. 9,circus_no_9
Jeff Sipe,jeff_sipe
Jon Brion,jon_brion
Chatham County Line,chatham_county_line
Longview,longview
Twisted Pine,twisted_pine
The Railsplitters,the_railsplitters
Old Salt Union,old_salt_union
Kontras Quartet,kontras_quartet
Bobby Hicks,bobby_hicks
Doyle Lawson,doyle_lawson
South Austin Jug Band,south_austin_jug_band
Acoustic Syndicate,acoustic_syndicate
Donna Stoneman,donna_stoneman
Everybody Loves an Outlaw,everybody_loves_an_outlaw
Cage The Elephant,cage_the_elephant
Eric Clapton,eric_clapton
Aretha Franklin,aretha_franklin
Lynyrd Skynyrd,lynyrd_skynyrd
ZZ Top,zz_top
Ella Fitzgerald,ella_fitzgerald
Otis Redding,otis_redding
Ray Charles,ray_charles
Louis Armstrong,louis_armstrong
Count Basie,count_basie
Louis Jordan & His Tympany Five,louis_jordan__his_tympany_five
Raphael Lake,raphael_lake
Aaron Levy,aaron_levy
Daniel Ryan Murphy,daniel_ryan_murphy
Etta James,etta_james
Nina Simone,nina_simone
B.B. King,bb_king
Chuck Berry,chuck_berry
Deep Purple,deep_purple
The Animals,the_animals
Joe Cocker,joe_cocker
All Good Things,all_good_things
Billie Holiday,billie_holiday
Whitesnake,whitesnake
Steve Miller Band,steve_miller_band
The Doobie Brothers,the_doobie_brothers
J.J. Cale,jj_cale
Rainbow,rainbow
Elle King,elle_king
Miranda Lambert,miranda_lambert
Jimi Hendrix,jimi_hendrix
Derek & The Dominos,derek__the_dominos
The Who,the_who
The Changcuters,the_changcuters
Nathaniel Rateliff & The Night Sweats,nathaniel_rateliff__the_night_sweats
Bobby Day,bobby_day
Thin Lizzy,thin_lizzy
Allman Brothers Band,allman_brothers_band
Cream,cream
Louis Prima,louis_prima
Sam Butera & The Witnesses,sam_butera__the_witnesses
Keely Smith,keely_smith
Julie Davis,julie_davis
Free,free
Leon Bridges,leon_bridges
Jefferson Airplane,jefferson_airplane
Buffalo Springfield,buffalo_springfield
Gary Moore,gary_moore
Steppenwolf,steppenwolf
Badfinger,badfinger
10cc,10cc
Robert Palmer,robert_palmer
Eric 'ET' Thorngren,eric_et_thorngren
Peter Frampton,peter_frampton
Dinah Washington,dinah_washington
Chris Rea,chris_rea
George Thorogood & The Destroyers,george_thorogood__the_destroyers
Brook Benton,brook_benton
Bachman-Turner Overdrive,bachmanturner_overdrive
Canned Heat,canned_heat
The Band,the_band
John Mayer,john_mayer
Nazareth,nazareth
City Wolf,city_wolf
Esterly,esterly
Austin Jenckes,austin_jenckes
Once Mekel,once_mekel
Blue Öyster Cult,blue_yster_cult
Amadou & Mariam,amadou__mariam
La Rata Bluesera,la_rata_bluesera
The J. Geils Band,the_j_geils_band
Solomon Burke,solomon_burke
Dr. John,dr_john
Wilson Sideral,wilson_sideral
Rogerio Flausino,rogerio_flausino
The Blues Brothers,the_blues_brothers
The Moody Blues,the_moody_blues
Three Dog Night,three_dog_night
Al Green,al_green
Santana,santana
The Product G&B,the_product_gb
Devin Hoffman,devin_hoffman
Jessica Kline,jessica_kline
Bronson Levy,bronson_levy
The Heavy,the_heavy
SATV Music,satv_music
The Rigs,the_rigs
Oh The Larceny,oh_the_larceny
Tracy Chapman,tracy_chapman
Silverberg,silverberg
Lee Richardson,lee_richardson
Jonathan Murill,jonathan_murill
Tom Ford,tom_ford
James Cocozza,james_cocozza
Sarah Norman,sarah_norman
Quinn Golden,quinn_golden
Helen Humes,helen_humes
T.K. Soul,tk_soul
Little Anthony & The Imperials,little_anthony__the_imperials
Reggie P,reggie_p
Greta Van Fleet,greta_van_fleet
Memphis La Blusera,memphis_la_blusera
La Mississippi,la_mississippi
Joe Walsh,joe_walsh
The Cramps,the_cramps
Maria Del Sol,maria_del_sol
The Stooges,the_stooges
The Spencer Davis Group,the_spencer_davis_group
Celso Blues Boy,celso_blues_boy
Dion & The Belmonts,dion__the_belmonts
UNSECRET,unsecret
Gary Clark Jr.,gary_clark_jr
Junkie XL,junkie_xl
Snowy White,snowy_white
Heartless Bastards,heartless_bastards
Generdyn,generdyn
BELLSAINT,bellsaint
Mungo Jerry,mungo_jerry
The Jon Spencer Blues Explosion,the_jon_spencer_blues_explosion
Eagles Of Death Metal,eagles_of_death_metal
Rob Thomas,rob_thomas
KONGOS,kongos
Ten Years After,ten_years_after
Stevie Ray Vaughan,stevie_ray_vaughan
Extreme Music,extreme_music
"""Jennifer Warnes",jennifer_warnes
Methrone,methrone
Rev Theory,rev_theory
Muddy Waters,muddy_waters
Bernard Adamus,bernard_adamus
Sheba Potts-Wright,sheba_pottswright
Tucka,tucka
The Rides,the_rides
Irma Thomas,irma_thomas
Lou Rawls,lou_rawls
Anderson East,anderson_east
Tony Joe White,tony_joe_white
Cold War Kids,cold_war_kids
Ruelle,ruelle
Mountains vs. Machines,mountains_vs_machines
Jesper Munk,jesper_munk
Status Quo,status_quo
Lebrado,lebrado
T. Rex,t_rex
Johnnie Taylor,johnnie_taylor
Janis Joplin,janis_joplin
Jeff Floyd,jeff_floyd
Lacee,lacee
The Black Crowes,the_black_crowes
The Big Hip,the_big_hip
Nellie Tiger Travis,nellie_tiger_travis
Terry Wright,terry_wright
Karen Wolfe,karen_wolfe
Jackie Neal,jackie_neal
Traffic,traffic
John Mayall & The Bluesbreakers,john_mayall__the_bluesbreakers
The King Khan & BBQ Show,the_king_khan__bbq_show
Raffertie,raffertie
Royal Deluxe,royal_deluxe
Foghat,foghat
Black Rebel Motorcycle Club,black_rebel_motorcycle_club
The Panasdalam,the_panasdalam
Sosnowski,sosnowski
Z.Z. Hill,zz_hill
Big Brother & The Holding Company,big_brother__the_holding_company
Avail Hollywood,avail_hollywood
Arno,arno
Louise Hoffsten,louise_hoffsten
Albin Lee Meldau,albin_lee_meldau
Blind Faith,blind_faith
Sir Charles Jones,sir_charles_jones
Blues Delight,blues_delight
Dallas Stars,dallas_stars
Dan Auerbach,dan_auerbach
8 Graves,8_graves
Richi Ray,richi_ray
Procol Harum,procol_harum
Eduardo Tejedo,eduardo_tejedo
Héctor Lama,hctor_lama
Alan Piz Morán,alan_piz_morn
John Lee Hooker,john_lee_hooker
Atomirotta,atomirotta
Matt Taylor,matt_taylor
LJ Echols,lj_echols
El Cruce,el_cruce
Sofiane Pamart,sofiane_pamart
Billy F Gibbons,billy_f_gibbons
The Coasters,the_coasters
Royal Baggs,royal_baggs
Jack White,jack_white
Alicia Keys,alicia_keys
The Flamingos,the_flamingos
Blues Saraceno,blues_saraceno
Elvin Bishop,elvin_bishop
Phil Lynott,phil_lynott
Jeff Beck,jeff_beck
Mountain,mountain
SAINT PHNX,saint_phnx
Jasmine Thompson,jasmine_thompson
O. B. Buchana,o_b_buchana
Monique Ford,monique_ford
Donnie Ray,donnie_ray
T-Bone Walker,tbone_walker
Sidiki Diabaté,sidiki_diabat
Veronica Ra'elle,veronica_raelle
Miss Portia,miss_portia
The Bobbettes,the_bobbettes
JD McPherson,jd_mcpherson
Rolf Wikström,rolf_wikstrm
David Gilmour,david_gilmour
Sweet,sweet
Paul Weston And His Orchestra,paul_weston_and_his_orchestra
Paul Carrack,paul_carrack
LaMorris Williams,lamorris_williams
David Brinston,david_brinston
Des Rocs,des_rocs
Salif Keita,salif_keita
Big Yayo,big_yayo
Omar Cunningham,omar_cunningham
Tinariwen,tinariwen
Dzem,dzem
Calvin Richardson,calvin_richardson
Manal,manal
The Miracles,the_miracles
Wendell B,wendell_b
Allen Toussaint,allen_toussaint
Gustavo Borner,gustavo_borner
Vieux Farka Touré,vieux_farka_tour
Khruangbin,khruangbin
The Five Satins,the_five_satins
ToWonder,towonder
Severo,severo
Fantastic Negrito,fantastic_negrito
Ina Forsman,ina_forsman
New Bomb Turks,new_bomb_turks
Jaye Hammer,jaye_hammer
Till Palmer,till_palmer
Bigg Robb,bigg_robb
Jackie Wilson,jackie_wilson
Possessed by Paul James,possessed_by_paul_james
C.J.,cj
Jason Little,jason_little
Magic One,magic_one
Jack Bruce,jack_bruce
Tommy Bolin,tommy_bolin
Atlanta Rhythm Section,atlanta_rhythm_section
The Blue Stones,the_blue_stones
Small Faces,small_faces
The Chiffons,the_chiffons
Bleeker,bleeker
Alabama Shakes,alabama_shakes
Michael Cooper,michael_cooper
Barry Likumahuwa,barry_likumahuwa
Pentatones,pentatones
Matthew Sayerz,matthew_sayerz
Ms. Jody,ms_jody
Mr. David,mr_david
Derek Varnals,derek_varnals
James Gang,james_gang
Rory Gallagher,rory_gallagher
J. Red (The Nephew),j_red_the_nephew
Andrzej Zaucha,andrzej_zaucha
Fats Domino,fats_domino
The Marcels,the_marcels
7kingZ,7kingz
The Pretty Things,the_pretty_things
Bad Company,bad_company
Dick & Dee Dee,dick__dee_dee
Nirina Zubir,nirina_zubir
Richard Berry,richard_berry
"""The Pharaohs",the_pharaohs
Wishbone Ash,wishbone_ash
Toya Brown,toya_brown
StayLoose,stayloose
Reignwolf,reignwolf
Young Summer,young_summer
"""""Bobby """"""""Blue"""""""" Bland""""",bobby_blue_bland
The Jeff Healey Band,the_jeff_healey_band
Mel Waiters,mel_waiters
The Delta Rhythm Boys,the_delta_rhythm_boys
Raz Dwa Trzy,raz_dwa_trzy
Grand Funk Railroad,grand_funk_railroad
Pete Townshend,pete_townshend
Joe Buck Yourself,joe_buck_yourself
Ronnie Lovejoy,ronnie_lovejoy
Kenne' Wayne,kenne_wayne
Mz Jackson,mz_jackson
Golden Earring,golden_earring
Alvin Lee,alvin_lee
7Horse,7horse
GREYLEE,greylee
UFO,ufo
Jethro Tull,jethro_tull
The Love Doctor,the_love_doctor
Carbonas,carbonas
The Olympics,the_olympics
Theodis Ealey,theodis_ealey
Bondi Cigars,bondi_cigars
Federico Dannemann,federico_dannemann
Gonzalo Araya,gonzalo_araya
Da Problem Solvas,da_problem_solvas
Eric Burdon,eric_burdon
The Cookies,the_cookies
Öwnboss,wnboss
Sevek,sevek
Liu,liu
GenX,genx
Yago Oproprio,yago_oproprio
Xamã,xam
Bagua Records,bagua_records
Luccas Carlos,luccas_carlos
3030,3030
BK,bk
Sain,sain
UCLÃ,ucl
Sueth,sueth
Shoy,shoy
Mc IG,mc_ig
Onze:20,onze20
Isaias Saad,isaias_saad
Bruno Martini,bruno_martini
David Hodges,david_hodges
Antônio Carlos Jobim,antnio_carlos_jobim
Racionais MC's,racionais_mcs
Jefferson & Suellen,jefferson__suellen
Luma Elpidio,luma_elpidio
Theo Rubia,theo_rubia
Rebeca Carvalho,rebeca_carvalho
Gabriela Rocha,gabriela_rocha
Weslei Santos,weslei_santos
Jota Quest,jota_quest
Maneva,maneva
LUDI,ludi
Davi Sacer,davi_sacer
Marcelo Markes,marcelo_markes
Sarah Beatriz,sarah_beatriz
Fernanda Brum,fernanda_brum
Aline Barros,aline_barros
Zé Ramalho,z_ramalho
Paulinho Moska,paulinho_moska
Walmir Alencar,walmir_alencar
Delino Marçal,delino_maral
Midian Lima,midian_lima
Frank Sinatra,frank_sinatra
Padre Fábio De Melo,padre_fbio_de_melo
Celina Borges,celina_borges
Herbie Mann,herbie_mann
João Gilberto,joo_gilberto
John Dias,john_dias
Nelsinho Corrêa,nelsinho_corra
Ana Lúcia,ana_lcia
Frei Gilson,frei_gilson
Valesca Mayssa,valesca_mayssa
Gabriel Brito,gabriel_brito
Nando Reis,nando_reis
Gabriel Guedes de Almeida,gabriel_guedes_de_almeida
Ministério Apascentar de Nova Iguaçu,ministrio_apascentar_de_nova_iguau
Sotam,sotam
Rob,rob
enzo dicarlo,enzo_dicarlo
Fabio Brazza,fabio_brazza
Péricles,pricles
JOTA,jota
JXNV$,jxnv
El Lif Beatz,el_lif_beatz
Ministério Adoração e Vida,ministrio_adorao_e_vida
Patricio Sid,patricio_sid
Casa Worship,casa_worship
Léo Brandão,lo_brando
Julliany Souza,julliany_souza
Oriente,oriente
Ferrugem,ferrugem
Isadora Pompeo,isadora_pompeo
Tim Maia,tim_maia
Marcelo Falcão,marcelo_falco
Cassiane,cassiane
Vida Reluz,vida_reluz
Fresno,fresno
Juliano Son,juliano_son
Frejat,frejat
Padre Marcelo Rossi,padre_marcelo_rossi
Lukas Agustinho,lukas_agustinho
Nívea Soares,nvea_soares
Samuel Messias,samuel_messias
Diante do Trono,diante_do_trono
Alessandra Salles,alessandra_salles
Eros Biondini,eros_biondini
Projota,projota
Fernandinho,fernandinho
Colo de Deus,colo_de_deus
Stella Laura,stella_laura
Comunidade Evangélica de Maringá,comunidade_evanglica_de_maring
Kellen Byanca,kellen_byanca
Legião Urbana,legio_urbana
Nani Azevedo,nani_azevedo
Lulu Santos,lulu_santos
Mandragora,mandragora
Dubdogz,dubdogz
Bhaskar,bhaskar
Trilha Sonora do Gueto,trilha_sonora_do_gueto
Major RD,major_rd
Sos,sos
Sant,sant
LP Beatzz,lp_beatzz
Costa Gold,costa_gold
Jessé Aguiar,jess_aguiar
Misaias Oliveira,misaias_oliveira
SNJ,snj
Cat Dealers,cat_dealers
Lukas Vane,lukas_vane
Elise LeGrow,elise_legrow
Bruna Karla,bruna_karla
Davidson Silva,davidson_silva
Kleber Lucas,kleber_lucas
Central 3,central_3
Gabriela Maganete,gabriela_maganete
Rapha Gonçalves,rapha_gonalves
Rock Danger,rock_danger
Raffé,raff
Agnus Dei,agnus_dei
Sarah Farias,sarah_farias
Mari Borges,mari_borges
Gerson Rufino,gerson_rufino
Tihuana,tihuana
Gabi Sampaio,gabi_sampaio
Leandro Borges,leandro_borges
Um Barril de Rap,um_barril_de_rap
Cristina Máximo,cristina_mximo
Papas Da Língua,papas_da_lngua
Paula Santos,paula_santos
Jozyanne,jozyanne
Eyshila,eyshila
Matanza,matanza
Paulo Ricardo,paulo_ricardo
Marcelo D2,marcelo_d2
Claudia,claudia
KVSH,kvsh
Schillist,schillist
Felp 22,felp_22
Medellin,medellin
Zarastruta,zarastruta
Jean Tassy,jean_tassy
Don,don
Neo Beats,neo_beats
Froid,froid
Alaska,alaska
Jopin,jopin
Saulo,saulo
Flora Matos,flora_matos
ConeCrewDiretoria,conecrewdiretoria
Cynthia Luz,cynthia_luz
Nocivo Shomon,nocivo_shomon
Jhony Mc,jhony_mc
Krawk,krawk
Max Bo,max_bo
Alves,alves
Sid,sid
Thiago Ramalho,thiago_ramalho
Azzy,azzy
Baratapai,baratapai
Raul Seixas,raul_seixas
Scracho,scracho
Gabriela Gomes,gabriela_gomes
Nenhum De Nós,nenhum_de_ns
Sued Silva,sued_silva
Tianastacia,tianastacia
Fredy Miller,fredy_miller
Sabotage,sabotage
Helião,helio
Cascão,casco
DJ Cia,dj_cia
Cachorro Grande,cachorro_grande
Rose Nascimento,rose_nascimento
Paula Toller,paula_toller
Voz da Verdade,voz_da_verdade
Engenheiros Do Hawaii,engenheiros_do_hawaii
Régis Danese,rgis_danese
Maquiny,maquiny
Orochi,orochi
Makalister,makalister
Menestrel,menestrel
Djonga,djonga
Pineapple StormTv,pineapple_stormtv
Slim Beat,slim_beat
Yung Buda,yung_buda
Don L,don_l
BDK,bdk
BRAZA,braza
Padre Marcos,padre_marcos
Andrea Martins,andrea_martins
Black Alien,black_alien
Rosa de Saron,rosa_de_saron
Dalsin,dalsin
Gioprod,gioprod
Armandinho,armandinho
Leoni,leoni
Dinho Ouro Preto,dinho_ouro_preto
Hevo 84,hevo_84
Negra Li,negra_li
ADL,adl
Raillow,raillow
Fabiana Sinfrônio,fabiana_sinfrnio
Capital Inicial,capital_inicial
Seu Jorge,seu_jorge
Eli Soares,eli_soares
Padre Zeca,padre_zeca
Camisa de Vênus,camisa_de_vnus
Pedro Henrique,pedro_henrique
Kid Abelha,kid_abelha
Raimundos,raimundos
Érica Martins,rica_martins
A Família,a_famlia
Lauana Prado,lauana_prado
Oficina G3,oficina_g3
Baco Exu do Blues,baco_exu_do_blues
Nave,nave
Puro Suco,puro_suco
BEATDOMK,beatdomk
Murica,murica
PG,pg
Realidade Cruel,realidade_cruel
David Quinlan,david_quinlan
Heloisa Rosa,heloisa_rosa
Astrud Gilberto,astrud_gilberto
Planet Hemp,planet_hemp
Biquini Cavadão,biquini_cavado
Adhemar De Campos,adhemar_de_campos
Pouca Vogal,pouca_vogal
Soraya Moraes,soraya_moraes
Padre Zezinho,padre_zezinho
Renato Russo,renato_russo
Erasmo Carlos,erasmo_carlos
Thiago Brado,thiago_brado
Titãs,tits
Israel Salazar,israel_salazar
Amanda Ferrari,amanda_ferrari
HAWK.,hawk
Reznikov,reznikov
Alex Albino,alex_albino
Jailhouse,jailhouse
Mano fler,mano_fler
Tiankris,tiankris
MC Igu,mc_igu
Ponto De Equilíbrio,ponto_de_equilbrio
Tati Portella,tati_portella
Pregador Luo,pregador_luo
Trazendo a Arca,trazendo_a_arca
Deise do Vale,deise_do_vale
Suellen Brum,suellen_brum
Elizeu Alves,elizeu_alves
Anderson Freire,anderson_freire
Alugiana,alugiana
Canção & Louvor,cano__louvor
Lauriete,lauriete
Danielle Cristina,danielle_cristina
Elis Regina,elis_regina
Renascer Praise,renascer_praise
Marcelo Aguiar,marcelo_aguiar
Marcus Salles,marcus_salles
509-E,509e
Dexter,dexter
Afro-X,afrox
Atentado Napalm,atentado_napalm
Jamily,jamily
JP Diazz,jp_diazz
Gooba,gooba
Gustah,gustah
Irineu Barsé,irineu_bars
Ana Paula Valadão,ana_paula_valado
Natiruts,natiruts
Jacob Hemphill,jacob_hemphill
Elaine Martins,elaine_martins
Padre Agnaldo José,padre_agnaldo_jos
Ana Vilela,ana_vilela
Pedro Lotto,pedro_lotto
AO Cubo,ao_cubo
Marquinhos Gomes,marquinhos_gomes
Ministério Vineyard,ministrio_vineyard
André Aquino,andr_aquino
Dazaranha,dazaranha
André e Felipe,andr_e_felipe
Vera Loca,vera_loca
Cidade Negra,cidade_negra
Pedra Leticia,pedra_leticia
Barão Vermelho,baro_vermelho
Nagalli,nagalli
Edu Ribeiro,edu_ribeiro
Konai,konai
Real G,real_g
Duzz,duzz
Peunubeat,peunubeat
Gabriel O Pensador,gabriel_o_pensador
Vitor Kley,vitor_kley
Rap Box,rap_box
Léo Casa 1,lo_casa_1
Gigante No Mic,gigante_no_mic
Mano Fler,mano_fler
Zeus,zeus
Eliana Ribeiro,eliana_ribeiro
Monsenhor Jonas Abib,monsenhor_jonas_abib
Forfun,forfun
Chorão,choro
MISAEL,misael
Damares,damares
MV Bill,mv_bill
Kiara Vitória,kiara_vitria
Camila Holanda,camila_holanda
Tony Allysson,tony_allysson
Humberto Gessinger,humberto_gessinger
Aurelina Dourado,aurelina_dourado
Zeca Baleiro,zeca_baleiro
Vitor Isensee,vitor_isensee
Marcos Antônio,marcos_antnio
Sombra,sombra
Bastardo,bastardo
Funkero,funkero
Ana Gabriela,ana_gabriela
Ultraje a Rigor,ultraje_a_rigor
Comunidade Evangélica Internacional da Zona Sul,comunidade_evanglica_internacional_da_zona_sul
Ministério Sarando a Terra Ferida,ministrio_sarando_a_terra_ferida
Choice,choice
Dubdisko,dubdisko
Thalles Roberto,thalles_roberto
Juyè,juy
Mayra Andrade,mayra_andrade
Rappin' Hood,rappin_hood
Caetano Veloso,caetano_veloso
Portugal No Beat,portugal_no_beat
Xavi,xavi
Leonardo Gonçalves,leonardo_gonalves
Kemuel,kemuel
Mateus Fazeno Rock,mateus_fazeno_rock
Edi Rock,edi_rock
Alexandre Carlo,alexandre_carlo
Skeeter Beats,skeeter_beats
Wentz,wentz
Comunidade Católica Shalom,comunidade_catlica_shalom
Kuase Nada,kuase_nada
Marisa Monte,marisa_monte
Mato Seco,mato_seco
Paulo Cesar Baruk,paulo_cesar_baruk
Esther Marcos,esther_marcos
Jhonas Serra,jhonas_serra
Gisele Nascimento,gisele_nascimento
Orquestra Filarmônica de São Caetano do Sul,orquestra_filarmnica_de_so_caetano_do_sul
Chico Science,chico_science
Álvaro Tito,lvaro_tito
Ray X Ben,ray_x_ben
Krmoni,krmoni
Knust,knust
Luiz Lins,luiz_lins
CMK,cmk
ALASKA,alaska
Sobs,sobs
Kawe,kawe
KayBlack,kayblack
Vulgo FK,vulgo_fk
Lucas Lucco,lucas_lucco
OTRAFITTA,otrafitta
Clarice Falcão,clarice_falco
Dow Raiz,dow_raiz
Lino Krizz,lino_krizz
Rodrigo Azevedo,rodrigo_azevedo
Coruja Bc1,coruja_bc1
Klebson Kollins,klebson_kollins
Somos Nós A Justiça,somos_ns_a_justia
Marcos Freire,marcos_freire
FBC,fbc
VHOOR,vhoor
Mariana Cavanellas,mariana_cavanellas
Cine,cine
Gee Rocha,gee_rocha
Fraternidade São João Paulo II,fraternidade_so_joo_paulo_ii
Ir. Samuel Maria,ir_samuel_maria
Rita Lee,rita_lee
Roberto De Carvalho,roberto_de_carvalho
Dunamis Music,dunamis_music
MORADA,morada
Gabriell Júnior,gabriell_jnior
Samuel Rosa,samuel_rosa
Arnaldo Antunes,arnaldo_antunes
Vulto,vulto
Vitin,vitin
Adriana Arydes,adriana_arydes
Big Up,big_up
Sandra De Sá,sandra_de_s
Groove Delight,groove_delight
Samantha Machado,samantha_machado
Cartel Mcs,cartel_mcs
LEALL,leall
ReStarT,restart
Edson Gomes,edson_gomes
DUDA BEAT,duda_beat
Gabriel Elias,gabriel_elias
Pr. Lucas,pr_lucas
Circuito Reggae,circuito_reggae
Nelson Bomilcar,nelson_bomilcar
Rodrigo Campos,rodrigo_campos
Rachel Novaes,rachel_novaes
Ronaldo Bezerra,ronaldo_bezerra
Luiz Arcanjo,luiz_arcanjo
Christie Tristão,christie_tristo
Daniel Souza,daniel_souza
Massao Suguihara,massao_suguihara
Filipe Lancaster,filipe_lancaster
New Hope Club,new_hope_club
Cacife Clandestino,cacife_clandestino
Lolla Sales,lolla_sales
Predella,predella
Dudu Tucci,dudu_tucci
Ministerio Ipiranga,ministerio_ipiranga
Filipe Ret,filipe_ret
Cristo Vivo,cristo_vivo
Lorhann,lorhann
Ventania,ventania
Palavrantiga,palavrantiga
André Valadão,andr_valado
Nazireu Rupestre,nazireu_rupestre
MOVER,mover
Acústicos & Valvulados,acsticos__valvulados
Paulo Neto,paulo_neto
RPM,rpm
Catedral,catedral
John Nascimento,john_nascimento
Damassaclan,damassaclan
Zimbra,zimbra
KAKA,kaka
Christine D'Clario,christine_dclario
MC Cabelinho,mc_cabelinho
Kmila Cdd,kmila_cdd
Cesar Mc,cesar_mc
Banda Giom,banda_giom
AC Music,ac_music
Cristina Mel,cristina_mel
Pe. Fábio de Melo,pe_fbio_de_melo
Rodolfo Abrantes,rodolfo_abrantes
Fabiana Anastácio,fabiana_anastcio
JØRD,jrd
Haikaiss,haikaiss
1Kilo,1kilo
Esteban Tavares,esteban_tavares
Jão,jo
brTT,brtt
NIKITO,nikito
Missionário Shalom,missionrio_shalom
Dibob,dibob
Antonio Cirilo,antonio_cirilo
Chris MC,chris_mc
KIB7,kib7
Instituto,instituto
O Teatro Mágico,o_teatro_mgico
Síntese,sntese
Shirley Carvalhaes,shirley_carvalhaes
Strike,strike
14 Bis,14_bis
VOLAC,volac
illusionize,illusionize
Andre Longo,andre_longo
Thegust Mc's,thegust_mcs
Dfideliz,dfideliz
Start Rap,start_rap
Altamira,altamira
Stanley Castro,stanley_castro
Thebosh,thebosh
Dalua,dalua
Febem,febem
Pizzol,pizzol
Ok Goos,ok_goos
Herbert Vianna,herbert_vianna
Samuel Mariano,samuel_mariano
Ls Jack,ls_jack
Matheus Balo,matheus_balo
Toca de Assis,toca_de_assis
Elaine de Jesus,elaine_de_jesus
MC Kevin o Chris,mc_kevin_o_chris
Kamau,kamau
DCazz,dcazz
DJ Nyack,dj_nyack
CESRV,cesrv
Brylho,brylho
Chimarruts,chimarruts
Suely Façanha,suely_faanha
Armando Filho,armando_filho
Diego Fernandes,diego_fernandes
Cidadão Quem,cidado_quem
Plebe Rude,plebe_rude
Mariana Valadão,mariana_valado
Sagaz,sagaz
Onni,onni
Angola,angola
Guizo,guizo
Fabriccio,fabriccio
Sem dó,sem_d
Padre Adriano Zandoná,padre_adriano_zandon
Olívia Ferreira,olvia_ferreira
Irmã Kelly Patrícia,irm_kelly_patrcia
Padre Reginaldo Manzotti,padre_reginaldo_manzotti
Padre Omar,padre_omar
Padre Juarez de Castro,padre_juarez_de_castro
Padre Gleuson Gomes,padre_gleuson_gomes
Bidê ou Balde,bid_ou_balde
Renato Borghetti,renato_borghetti
Armored Dawn,armored_dawn
Rio Santana,rio_santana
Diomedes Chinaski,diomedes_chinaski
Pedro Senna,pedro_senna
Ugo Ludovico,ugo_ludovico
Mãolee,molee
WC no Beat,wc_no_beat
MC Marks,mc_marks
Caio Passos,caio_passos
AKA AFK,aka_afk
Mc Marechal,mc_marechal
Tarcis,tarcis
Goribeatzz,goribeatzz
Toni Garrido,toni_garrido
"""Circuito Reggae",circuito_reggae
Marcos do Pifano e João do Pife,marcos_do_pifano_e_joo_do_pife
Consciência Humana,conscincia_humana
Bassnectar,bassnectar
Ohana Bam,ohana_bam
Lafa Taylor,lafa_taylor
Noisia,noisia
Skrillex,skrillex
josh pan,josh_pan
Dylan Brady,dylan_brady
Evil Nine,evil_nine
Toastie Taylor,toastie_taylor
Datsik,datsik
Virtual Riot,virtual_riot
The Prodigy,the_prodigy
Hybrid,hybrid
RZA,rza
René LaVice,ren_lavice
The Crystal Method,the_crystal_method
Freestylers,freestylers
Belle Humble,belle_humble
Flux Pavilion,flux_pavilion
Orbital,orbital
Yotto,yotto
ILS,ils
Far Too Loud,far_too_loud
W. Darling,w_darling
Pendulum,pendulum
Deekline,deekline
Trigga,trigga
David Boomah,david_boomah
Specimen A,specimen_a
Navigator,navigator
Subtension,subtension
Mefjus,mefjus
Burr Oak,burr_oak
Futurebound,futurebound
Evol Intent,evol_intent
Audio,audio
Joe Seven,joe_seven
MAACHINEN,maachinen
Nami,nami
MISSIN,missin
The Outsiders,the_outsiders
Crookers,crookers
Brian Brainstorm,brian_brainstorm
Sweetie Irie,sweetie_irie
MC B-Live,mc_blive
Killa P,killa_p
Benny Page,benny_page
Dub Pistols,dub_pistols
Rodney P,rodney_p
Lindy Layton,lindy_layton
Barry Ashworth,barry_ashworth
Will Hensel,will_hensel
Blade,blade
Fluke,fluke
Timo Maas,timo_maas
Dia Frampton,dia_frampton
Overseer,overseer
CIRRUS,cirrus
Bombo Rosa,bombo_rosa
Apollo 440,apollo_440
Propellerheads,propellerheads
Ed Solo,ed_solo
Leanne Louise,leanne_louise
Future Funk Squad feat. Mojo,future_funk_squad_feat_mojo
Future Funk Squad,future_funk_squad
Mojo,mojo
Keith Mackenzie,keith_mackenzie
DJ Fixx,dj_fixx
Rhythm On The Loose,rhythm_on_the_loose
Force Mass Motion,force_mass_motion
General Levy,general_levy
Elijah MC,elijah_mc
Mekon,mekon
Roxanne Shante,roxanne_shante
General Midi,general_midi
TK,tk
Seanie T,seanie_t
Jantsen,jantsen
Amb,amb
ABK,abk
Jungle Brothers,jungle_brothers
Terry Hall,terry_hall
1000volts,1000volts
Redman,redman
Jayceeoh,jayceeoh
Koda,koda
VAAAL,vaaal
Pronobozo,pronobozo
Lunatic Calm,lunatic_calm
Aphrodite,aphrodite
Adam Freeland,adam_freeland
Colombo,colombo
Plump DJs,plump_djs
A-Zone,azone
Sovryn,sovryn
Audio Bullys,audio_bullys
Horseman,horseman
DJ Hype,dj_hype
Noel Gallagher,noel_gallagher
DJ Icey,dj_icey
South Central,south_central
Red Star Lion,red_star_lion
Shirley Bassey,shirley_bassey
Kleu,kleu
Hervé,herv
Serocee,serocee
Gregory Isaacs,gregory_isaacs
Stanton Warriors,stanton_warriors
Manfred Mann,manfred_mann
Levit∆te,levitte
Dj Pound,dj_pound
The Upbeats,the_upbeats
Andy C,andy_c
A.Skillz,askillz
Krafty Kuts,krafty_kuts
Surge,surge
Lily Mckenzie,lily_mckenzie
Roni Size,roni_size
Freddy Fresh,freddy_fresh
Aquasky Vs Masterblaster,aquasky_vs_masterblaster
Rabbit In The Moon,rabbit_in_the_moon
Seanie Tee,seanie_tee
Chezidek,chezidek
Skool Of Thought,skool_of_thought
The Breakfastaz,the_breakfastaz
Kitten & The Hip,kitten__the_hip
Bill Borez,bill_borez
MC Navigator,mc_navigator
Baymont Bross,baymont_bross
Dynamite MC,dynamite_mc
Dr. Luke,dr_luke
T.K. Lawrence,tk_lawrence
Dan Bowskill,dan_bowskill
Krossbow,krossbow
DJ Baby Anne,dj_baby_anne
Reprazent,reprazent
DJ Die,dj_die
Ganja White Night,ganja_white_night
T.Rabb,trabb
Born I,born_i
Mighty High Coup,mighty_high_coup
Suggs,suggs
Ctrl-Z,ctrlz
Lo Fidelity Allstars,lo_fidelity_allstars
Pigeonhed,pigeonhed
Deekline & Wizard,deekline__wizard
Walt Grizzly,walt_grizzly
Earl 16,earl_16
Tim Deluxe,tim_deluxe
Beat Assassins,beat_assassins
Phibes,phibes
Neville Staple,neville_staple
SPL,spl
Big Hoodoo,big_hoodoo
MRK1,mrk1
Snoop Dogg,snoop_dogg
Lady Leshurr,lady_leshurr
Shade k,shade_k
Sasha,sasha
Tony Quattro,tony_quattro
Natty Campbell,natty_campbell
Stephen Hawking,stephen_hawking
MC Spyda,mc_spyda
Rhoda Dakar,rhoda_dakar
Sporty-O,sportyo
Riya,riya
Layo & Bushwacka!,layo__bushwacka
Ashley Slater,ashley_slater
Tom Morello,tom_morello
PEEKABOO,peekaboo
deadmau5,deadmau5
Malente,malente
Bengal,bengal
Zac Toms,zac_toms
Seasunz,seasunz
Rennie Pilgrem,rennie_pilgrem
BLIM,blim
MC Chickaboo,mc_chickaboo
Cause,cause
Affect,affect
Demerris,demerris
Isle Natividad,isle_natividad
Prosper,prosper
Stabfinger,stabfinger
Justin Robertson,justin_robertson
Excision,excision
Huda Hudia,huda_hudia
DJ30A,dj30a
Rye Rye,rye_rye
Aries,aries
Terrie Kynd,terrie_kynd
DJ Quest,dj_quest
Odissi,odissi
Persia,persia
Krust,krust
Zyme,zyme
Aquasky,aquasky
Bukue One,bukue_one
Pimpernal Jones,pimpernal_jones
Dirtyphonics,dirtyphonics
Scarlett Quinn,scarlett_quinn
Ruby Goe,ruby_goe
Protohype,protohype
Init,init
Kymberley Kennedy,kymberley_kennedy
Sol Sonic Force,sol_sonic_force
Cheshire Cat,cheshire_cat
Riddim Punks,riddim_punks
Beadyman,beadyman
Beardyman,beardyman
Dion Timmer,dion_timmer
The Flaming Lips,the_flaming_lips
Zack The Lad,zack_the_lad
Bentley Rhythm Ace,bentley_rhythm_ace
Hyper,hyper
Iggy Pop,iggy_pop
Sleaford Mods,sleaford_mods
Uberzone,uberzone
Bushwacka!,bushwacka
Ragga Twins,ragga_twins
Carl Faure,carl_faure
Tony Faline,tony_faline
Bunna,bunna
The Future Sound Of London,the_future_sound_of_london
Lionrock,lionrock
Tori Amos,tori_amos
IMANU,imanu
Zion I,zion_i
Camo & Krooked,camo__krooked
16 Bit,16_bit
The Brainkiller,the_brainkiller
Jose Rodríguez (Spain),jose_rodrguez_spain
Javo Scratch,javo_scratch
Sergi Ales,sergi_ales
Nick Thayer,nick_thayer
Emily Breeze,emily_breeze
Steppa Style,steppa_style
Whiskey Pete,whiskey_pete
Getsix,getsix
CRT Weekend,crt_weekend
NickBee,nickbee
OnDaMiKe,ondamike
Drumattic Twins,drumattic_twins
Nibu,nibu
Gail Mclean,gail_mclean
Rae Ann,rae_ann
Top Cat,top_cat
Fak Scratch,fak_scratch
Ganja Burn Fyah,ganja_burn_fyah
Meat Katie,meat_katie
Christian J,christian_j
Dylan Rhymes,dylan_rhymes
Nancy Sinatra,nancy_sinatra
SirReal,sirreal
Tayo,tayo
General Jah Mikey,general_jah_mikey
Master Blaster,master_blaster
Freq Nasty,freq_nasty
Phoebe One,phoebe_one
RDX,rdx
Tenor Fly,tenor_fly
"""Tenor Fly",tenor_fly
Ben Snow,ben_snow
Jappa,jappa
RD,rd
Yo Speed,yo_speed
Vazteria X,vazteria_x
Zona Breakbeat DJ's,zona_breakbeat_djs
Lady Shade,lady_shade
Suga7,suga7
Souleye,souleye
E-Note,enote
Capital J,capital_j
Deibeat,deibeat
Under This,under_this
D.Butler,dbutler
M. Yardley,m_yardley
Obi,obi
Real Elements,real_elements
Cause & Affect,cause__affect
Jay Robinson,jay_robinson
Them&Us,themus
Keith Thompson,keith_thompson
Hollywood Holt,hollywood_holt
Sian Evans,sian_evans
Huxley,huxley
KOKOKO!,kokoko
Danny Byrd,danny_byrd
The Beatnuts,the_beatnuts
Neon Steve,neon_steve
Dorfex Bos,dorfex_bos
Paul Hartnoll,paul_hartnoll
Hardknox,hardknox
Fatboy Slim,fatboy_slim
Dubra,dubra
West Coast Lo-Fi,west_coast_lofi
Prof. Brian Cox,prof_brian_cox
Veronica Blacklace,veronica_blacklace
King Gordy,king_gordy
Cutty Ranks,cutty_ranks
Kareful,kareful
Kytami,kytami
Darrison,darrison
Ondamike,ondamike
Digital Base,digital_base
Andy Vibes,andy_vibes
Curtis B,curtis_b
Agent K,agent_k
Manudigital,manudigital
Queen Omega,queen_omega
Gala Osborn,gala_osborn
Deemas J,deemas_j
Raf MC,raf_mc
Guau,guau
MKII,mkii
Elite Force,elite_force
Splitloop,splitloop
Omega Squad,omega_squad
Estela Amaya,estela_amaya
Gala Orsborn,gala_orsborn
The Rogue Element,the_rogue_element
Mutantbreakz,mutantbreakz
Dj Bross,dj_bross
Pat Powell,pat_powell
King Hydra,king_hydra
Jesswah,jesswah
Boys Noize,boys_noize
Mightyfools,mightyfools
Wonder,wonder
Lindstrøm,lindstrm
Prins Thomas,prins_thomas
Mr Fox,mr_fox
Roots Manuva,roots_manuva
The Glimmers,the_glimmers
Zeds Dead,zeds_dead
Halogenix,halogenix
Black Sun Empire,black_sun_empire
Thug Shells,thug_shells
Machinedrum,machinedrum
Left/Right,leftright
Jacq,jacq
Tooltime,tooltime
Wahuu,wahuu
Afrika Bambaataa,afrika_bambaataa
Benny L,benny_l
Donnis,donnis
Rise At Night,rise_at_night
Trolley Snatcha,trolley_snatcha
Foreign Beggars,foreign_beggars
Blapps Posse,blapps_posse
Laura Streel,laura_streel
Demus,demus
Cathy Burton,cathy_burton
Mint Royale,mint_royale
JDS,jds
Shadow Child,shadow_child
Nick The Lot,nick_the_lot
Zen Lewis,zen_lewis
Scattyone,scattyone
Baobinga,baobinga
I.D.,id
DJ Mutiny,dj_mutiny
Shopliftas,shopliftas
ED209,ed209
Ivory,ivory
Project 5,project_5
Fast Eddie,fast_eddie
Pavan,pavan
Kym,kym
Too Many T's,too_many_ts
Cut La Roc,cut_la_roc
Firestar Soundsystem,firestar_soundsystem
Save The Rave,save_the_rave
Stone Lions,stone_lions
Isaac Maya,isaac_maya
Ranking Joe,ranking_joe
Le Castle Vania,le_castle_vania
Eric Volta,eric_volta
Basti Grub,basti_grub
Rell Rock,rell_rock
Break The Box,break_the_box
Ira,ira
DJ Fresh,dj_fresh
Lady Waks,lady_waks
Kathika,kathika
Adele,adele
Paloma Faith,paloma_faith
Tom Rosenthal,tom_rosenthal
Amy Winehouse,amy_winehouse
The Beatles,the_beatles
Seal,seal
YUNGBLUD,yungblud
Machine Gun Kelly,machine_gun_kelly
Paolo Nutini,paolo_nutini
The Rolling Stones,the_rolling_stones
London Symphony Orchestra,london_symphony_orchestra
"""Sir Malcolm Sargent",sir_malcolm_sargent
Alok,alok
Halsey,halsey
Travis Barker,travis_barker
Leona Lewis,leona_lewis
Yusuf / Cat Stevens,yusuf__cat_stevens
Jessie Ware,jessie_ware
Celeste,celeste
Richard Harvey,richard_harvey
Gavin Greenaway,gavin_greenaway
"""The Lyndhurst Orchestra",the_lyndhurst_orchestra
Michael Kiwanuka,michael_kiwanuka
Lorne Balfe,lorne_balfe
Tom Jones,tom_jones
Simply Red,simply_red
Corinne Bailey Rae,corinne_bailey_rae
Duffy,duffy
Dusty Springfield,dusty_springfield
Mark Morrison,mark_morrison
Noisettes,noisettes
Charlotte Lawrence,charlotte_lawrence
Craig David,craig_david
Ben Howard,ben_howard
DragonForce,dragonforce
Lianne La Havas,lianne_la_havas
Gabrielle,gabrielle
Joss Stone,joss_stone
Stateless,stateless
Nicholas Hooper,nicholas_hooper
John Powell,john_powell
Sade,sade
David Arnold,david_arnold
Michael Price,michael_price
Samm Henshaw,samm_henshaw
Natalie Holt,natalie_holt
David Buckley,david_buckley
Billie Marten,billie_marten
Blanco White,blanco_white
Foy Vance,foy_vance
Nick Drake,nick_drake
Gustav Holst,gustav_holst
Sheku Kanneh-Mason,sheku_kannehmason
Isata Kanneh-Mason,isata_kannehmason
The Maccabees,the_maccabees
Bastille,bastille
Vigiland,vigiland
Rupert Gregson-Williams,rupert_gregsonwilliams
The Kinks,the_kinks
Fenne Lily,fenne_lily
Alexi Murdoch,alexi_murdoch
Charlie Cunningham,charlie_cunningham
James Hunter,james_hunter
Luke Sital-Singh,luke_sitalsingh
Henry Jackman,henry_jackman
Soul II Soul,soul_ii_soul
Caron Wheeler,caron_wheeler
John Rutter,john_rutter
Bryn Terfel,bryn_terfel
Côrdydd,crdydd
Sioned James,sioned_james
Welsh National Opera Orchestra,welsh_national_opera_orchestra
Tecwyn Evans,tecwyn_evans
Marianne Faithfull,marianne_faithfull
Perrysburg High School Select Strings,perrysburg_high_school_select_strings
Michael Smith,michael_smith
Steven Price,steven_price
Daniel Pemberton,daniel_pemberton
Peppa Pig,peppa_pig
Harry Gregson-Williams,harry_gregsonwilliams
Matthew Margeson,matthew_margeson
Gerald Barry,gerald_barry
Mark Stone,mark_stone
Britten Sinfonia,britten_sinfonia
Thomas Adès,thomas_ads
The Zombies,the_zombies
Laura Marling,laura_marling
Joshua Bloom,joshua_bloom
Marsha Ambrosius,marsha_ambrosius
Anthony Hamilton,anthony_hamilton
Jennifer France,jennifer_france
Lawrence Power,lawrence_power
Matilda Mann,matilda_mann
Cuba Cuba,cuba_cuba
Nick Mulvey,nick_mulvey
Mumm-ra,mummra
Assassin's Creed,assassins_creed
Galantis,galantis
Harriet Slater,harriet_slater
Roo Panes,roo_panes
Jon Boden,jon_boden
Sam Sweeney,sam_sweeney
Ben Coleman,ben_coleman
Gerry & The Pacemakers,gerry__the_pacemakers
The Hollies,the_hollies
John Lunn,john_lunn
"""Johannes Bornlöf",johannes_bornlf
The Comet Is Coming,the_comet_is_coming
Kae Tempest,kae_tempest
WILDES,wildes
Antony Genn,antony_genn
Martin Slattery,martin_slattery
Beverley Knight,beverley_knight
Patrick Doyle,patrick_doyle
Mogwai,mogwai
Kokoroko,kokoroko
Donovan,donovan
George Fenton,george_fenton
Vashti Bunyan,vashti_bunyan
George Ogilvie,george_ogilvie
Muni Long,muni_long
Rachel Portman,rachel_portman
Tara Lily,tara_lily
Sting,sting
Lisa Stansfield,lisa_stansfield
Alex Hepburn,alex_hepburn
Lonely The Brave,lonely_the_brave
Billy Fury,billy_fury
Johnny Kidd & The Pirates,johnny_kidd__the_pirates
Gerald Finzi,gerald_finzi
Klein High School Chamber Orchestra,klein_high_school_chamber_orchestra
Creston Herron,creston_herron
Dan Reynolds,dan_reynolds
Alex Heffes,alex_heffes
Anoushka Shankar,anoushka_shankar
Sam Palladio,sam_palladio
John Smith,john_smith
Brooke Bentham,brooke_bentham
Ilan Eshkeri,ilan_eshkeri
Ewan J Phillips,ewan_j_phillips
Marley Chapman,marley_chapman
Lyla Foy,lyla_foy
DON BROCO,don_broco
Craig Armstrong,craig_armstrong
Ralph McTell,ralph_mctell
The Seekers,the_seekers
Peter Sarstedt,peter_sarstedt
Show Of Hands,show_of_hands
Manfred Mann's Earth Band,manfred_manns_earth_band
The Disco Boys,the_disco_boys
Dominic Lewis,dominic_lewis
Thomas & Friends,thomas__friends
MK,mk
Gary Lightbody,gary_lightbody
"""Johnny McDaid",johnny_mcdaid
Milburn,milburn
Richard Hawley,richard_hawley
Tom Misch,tom_misch
Penny Jayne Black,penny_jayne_black
Sam Brown,sam_brown
Pete Brown,pete_brown
The Raconteurs,the_raconteurs
Finley Quaye,finley_quaye
The Shadows,the_shadows
Hell Is For Heroes,hell_is_for_heroes
Sandie Shaw,sandie_shaw
The Walker Brothers,the_walker_brothers
The Fortunes,the_fortunes
Mike Brainchild,mike_brainchild
High Contrast,high_contrast
Maybeshewill,maybeshewill
Peter And Gordon,peter_and_gordon
Monty Python,monty_python
The Troggs,the_troggs
Mica Paris,mica_paris
Seth Lakeman,seth_lakeman
Rumer,rumer
Stephen Barton,stephen_barton
Lana Del Rey,lana_del_rey
Luke Marzec,luke_marzec
Greg Holden,greg_holden
Ed Sheeran,ed_sheeran
The Shires,the_shires
Shaun Escoffery,shaun_escoffery
William Walton,william_walton
The Cambridge Singers,the_cambridge_singers
Aurora Orchestra,aurora_orchestra
Amy Wadge,amy_wadge
Skunk Anansie,skunk_anansie
Rudy Vallee and His Connecticut Yankees,rudy_vallee_and_his_connecticut_yankees
The White Flames,the_white_flames
Lower Than Atlantis,lower_than_atlantis
Ian Devaney,ian_devaney
Andy Morris,andy_morris
Katee Kross,katee_kross
Alice Russell,alice_russell
Jon Thor Birgisson,jon_thor_birgisson
Gerard Butler,gerard_butler
Craig Ferguson,craig_ferguson
Mary Jane Wells,mary_jane_wells
Izzy Bizu,izzy_bizu
Chloe Noone,chloe_noone
Toddler Fun Learning,toddler_fun_learning
Maurizio Malagnini,maurizio_malagnini
Peter Salem,peter_salem
Howard Blake,howard_blake
The James Hunter Six,the_james_hunter_six
Them,them
Van Morrison,van_morrison
Dave Edmunds,dave_edmunds
Alestorm,alestorm
Jarvis Cocker,jarvis_cocker
Emma Stevens,emma_stevens
William Orbit,william_orbit
Dionne Bromfield,dionne_bromfield
Bert Jansch,bert_jansch
Floetry,floetry
InMe,inme
Heather Small,heather_small
Dirty Disco,dirty_disco
Matt Consola,matt_consola
Division 4,division_4
FASCINATING AIDA,fascinating_aida
Art Brut,art_brut
John Martyn,john_martyn
The xx,the_xx
Eivør,eivr
Hans Zimmer,hans_zimmer
Megan McKenna,megan_mckenna
Anna Clyne,anna_clyne
Inbal Segev,inbal_segev
London Philharmonic Orchestra,london_philharmonic_orchestra
Marin Alsop,marin_alsop
Simon Webbe,simon_webbe
David Grant,david_grant
Jaki Graham,jaki_graham
Soli Deo Gloria,soli_deo_gloria
The Unthanks,the_unthanks
Electrelane,electrelane
